"","baseMean","log2FoldChange","lfcSE","stat","pvalue","padj"
"Synpcc7942_0008",147.318521026272,1.50994939171164,0.52940320444992,2.85217274663188,0.00434214964996265,0.019300855194084
"Synpcc7942_0011",667.770493263457,1.32391973954737,0.430025710207865,3.07869903617487,0.00207906598648816,0.0115441908298711
"Synpcc7942_0014",484.70703814793,-1.12339826689484,0.319187176440661,-3.51955952435855,0.000432264027016869,0.00353634404924537
"Synpcc7942_0015",631.789076211766,-1.2400450028587,0.460709566213252,-2.69159812124393,0.00711105767809142,0.0278079580039484
"Synpcc7942_0019",1832.73753498111,1.69547121203646,0.377481891299588,4.49152992796375,7.07133616897103e-06,0.000154464766347073
"Synpcc7942_0026",582.652781025323,1.59696181991503,0.340200698714696,4.69417560266181,2.67684020726062e-06,6.96634358764549e-05
"Synpcc7942_0032",435.780972724632,-1.53519406001683,0.366926968873076,-4.18392266104559,2.86521621825514e-05,0.000457576745753681
"Synpcc7942_0033",759.767616548211,-1.19538030028191,0.346444618505824,-3.45042248148477,0.000559709883467019,0.00430186241846265
"Synpcc7942_0034",7.86870103552522,-3.24219452495387,1.2760881213462,-2.54072933578721,0.0110621518736751,0.0373440639153284
"Synpcc7942_0035",2021.09422226826,-1.72729426862083,0.574533600328668,-3.00642863643261,0.00264336092027005,0.0137346205330931
"Synpcc7942_0038",497.853325309276,-1.02197052591843,0.403829256960506,-2.53069956746194,0.0113835306123251,0.0378552071609366
"Synpcc7942_0039",2436.06479611074,1.74481053157752,0.678351653858847,2.57213278931666,0.0101074116008499,0.0349618868172273
"Synpcc7942_0045",3012.29426492868,-1.79786413367683,0.688773105634584,-2.61024148441512,0.00904783281426262,0.0326530042160195
"Synpcc7942_0046",4602.20560693583,-1.84130023036857,0.41255602448095,-4.46315196265809,8.07627323808726e-06,0.000170947783539514
"Synpcc7942_0047",10730.5378106763,-2.00438480055261,0.583554314332061,-3.43478704779493,0.000593019642015588,0.00447500004352466
"Synpcc7942_0050",9411.88465780508,-1.06954976695117,0.259062901724313,-4.12853310849331,3.65084876750246e-05,0.000558033194261659
"Synpcc7942_0051",5211.48458562825,-1.13730888447753,0.320527346810744,-3.54824290592919,0.000387810392407694,0.00331503306586962
"Synpcc7942_0052",1364.74612835303,-1.66199482431219,0.281965458163324,-5.89432065593478,3.76225961837521e-09,2.7872073339463e-07
"Synpcc7942_0053",2435.35996333966,-1.46182037518246,0.325423630919244,-4.49205354587548,7.05396816113554e-06,0.000154464766347073
"Synpcc7942_0054",1975.10750666205,-1.41318129621518,0.244573519961102,-5.77814514195952,7.55286414203342e-09,5.30091807021135e-07
"Synpcc7942_0056",3680.04014081446,-1.70382545482888,0.585095825712995,-2.91204513850805,0.00359070742834513,0.0170628993232056
"Synpcc7942_0057",3763.49751263536,-1.63493682732989,0.540135642529915,-3.0269004646168,0.00247075301658197,0.0130744013794129
"Synpcc7942_0058",1269.48426201461,-1.79547477974402,0.537577923481671,-3.33993399155134,0.00083798304862113,0.00592811880815001
"Synpcc7942_0059",611.322391318336,-2.22834272844062,0.483939921671314,-4.60458546330485,4.13288269688263e-06,0.000100581803241234
"Synpcc7942_0060",854.276967062837,-2.21807087128817,0.433328051826851,-5.11868747462134,3.07669306135937e-07,1.22470752158887e-05
"Synpcc7942_0061",3348.99313278918,-1.97234661383869,0.628091804163606,-3.14022026838123,0.00168820848323821,0.00980926367058019
"Synpcc7942_0062",2027.67243309914,-1.75094933996765,0.26462751185783,-6.61665647564392,3.6741394188859e-11,5.44384990564928e-09
"Synpcc7942_0063",531.999375859105,-2.23091343941943,0.636493353600003,-3.50500665372449,0.000456595871812291,0.00367897640520658
"Synpcc7942_0064",90.1778352272943,-2.41464622614828,0.877750822351688,-2.7509472673337,0.00594232082323168,0.0244389539508455
"Synpcc7942_0069",55.2900024450127,-1.41960045541391,0.435979004263137,-3.25612114696492,0.00112945548665857,0.00738298476205489
"Synpcc7942_0073",1535.67696087814,1.96380499151896,0.520144487560173,3.77549899784678,0.000159687666555296,0.00169676098288038
"Synpcc7942_0075",1571.52563708649,1.71668499787786,0.584508663700456,2.93697100571568,0.00331435089774987,0.0160424207700525
"Synpcc7942_0078",307.794292888675,1.67364931534045,0.413792714438081,4.04465631448639,5.23999371005177e-05,0.000709394072320206
"Synpcc7942_0089",518.769260176792,1.05158342939819,0.300151277773932,3.50351141996545,0.000459166966697701,0.00368854909693605
"Synpcc7942_0095",1480.72920563296,3.17632746042818,0.92536239089884,3.4325227518085,0.000597993705625333,0.00449253299409229
"Synpcc7942_0103",389.0711467682,-1.835287936007,0.640965708255512,-2.86331688633082,0.00419231054793885,0.0188269391213306
"Synpcc7942_0104",1444.42740128233,-1.57754165999537,0.536052691465911,-2.94288543852165,0.00325168723784163,0.0157964478384765
"Synpcc7942_0109",826.620218059393,1.48772890985982,0.381874691828384,3.89585626304979,9.78524102494666e-05,0.00114955629387291
"Synpcc7942_0122",2979.19563810975,-1.32549745152447,0.410926082902902,-3.22563474715638,0.00125693652653383,0.00803896814452214
"Synpcc7942_0124",447.996534056921,-1.35774678695581,0.449658906682102,-3.01950382118352,0.00253189099128565,0.0132924277042497
"Synpcc7942_0129",477.100124401059,-1.27268822622158,0.481296594962589,-2.64429094147343,0.00818622582724732,0.0304925478788668
"Synpcc7942_0131",6319.67803832349,-1.32082840882637,0.491340077942757,-2.68821630500138,0.00718348469599271,0.0279362627289218
"Synpcc7942_0137",1219.89806128156,1.49547856256613,0.609250875527328,2.4546186515887,0.0141034113250313,0.0443036490033669
"Synpcc7942_0138",429.061412057569,1.66631870755798,0.605355312145812,2.75262919829902,0.00591188141843772,0.0244071017693087
"Synpcc7942_0143",1830.21088549631,1.91923272395072,0.778730549454162,2.46456585695267,0.0137179351610396,0.0436063564654263
"Synpcc7942_0147",492.878683824042,-1.85878078448172,0.413986436646398,-4.48995575685823,7.12379687314958e-06,0.000154464766347073
"Synpcc7942_0152",811.829294958394,1.51236356707925,0.550300819156581,2.74824880216819,0.0059914525206231,0.0245456280683592
"Synpcc7942_0156",2049.059737588,1.58681941052188,0.436059491151866,3.63899752836533,0.000273701426083849,0.00256126913461623
"Synpcc7942_0158",2509.78141663125,2.01968003067932,0.704782557404067,2.8656782286418,0.00416116962808965,0.0187463503346539
"Synpcc7942_0162",80.3167795800675,-1.86783190460235,0.38564959610629,-4.8433394549376,1.27674888559219e-06,3.82594300884761e-05
"Synpcc7942_0163",419.800757283293,-1.28506474533404,0.362740390168304,-3.54265689778245,0.000396117706908607,0.00337522659528836
"Synpcc7942_0167",75.266811730849,1.63850968638393,0.568200759438408,2.88368091588505,0.00393056798582502,0.0181039926852203
"Synpcc7942_0168",490.919263676962,1.47348629919474,0.599867072334065,2.45635469448497,0.0140354549821223,0.0441942838693271
"Synpcc7942_0175",35.0187203904247,-1.35461853208632,0.556909351408074,-2.43238604031579,0.0149997108289382,0.0463849879014325
"Synpcc7942_0179",567.708223338523,-1.61776981092638,0.632326171554548,-2.55844196192157,0.010514236929798,0.0360161648437122
"Synpcc7942_0183",215.849695013217,-1.76983661590278,0.400138597852979,-4.42305897356361,9.7313164513535e-06,0.000196616825573938
"Synpcc7942_0184",1075.34007870193,-1.50446027832199,0.602354917508689,-2.49763093915522,0.0125026282222756,0.0405158073740085
"Synpcc7942_0193",183.817500981296,-3.10117135981168,0.718222175601335,-4.31784406714427,1.57560677076688e-05,0.00028392859848887
"Synpcc7942_0195",979.03504908039,-4.51831604405445,0.573990080458835,-7.87176677416204,3.49667568781331e-15,1.86512681187962e-12
"Synpcc7942_0197",1569.26334379477,1.15430259592925,0.266088500620469,4.33804013791513,1.43758905165018e-05,0.000264713590127304
"Synpcc7942_0199",622.426142677614,1.29175554487831,0.44640350384974,2.89369490547976,0.00380737910844758,0.017752237905996
"Synpcc7942_0201",610.623093314219,1.21504840309201,0.504393950633112,2.40892739012212,0.0159994807632688,0.0485444996537405
"Synpcc7942_0202",1700.44966287305,1.11645303334256,0.420551903468806,2.65473304040193,0.00793711945828522,0.0299487066805307
"Synpcc7942_0204",397.817341473827,-1.10983464036363,0.336954135730517,-3.29372612672496,0.000988687800874928,0.00672660807380978
"Synpcc7942_0220",526.92985976985,1.10769529481863,0.234985272884037,4.71389241216521,2.43029016584533e-06,6.41740977456385e-05
"Synpcc7942_0227",476.629157623241,1.09427109925595,0.396567545318375,2.75935616056892,0.00579153767122976,0.0241344233893278
"Synpcc7942_0228",458.100118788678,-1.32665603099152,0.511465980882922,-2.59383044147213,0.00949132827337824,0.0335276457021189
"Synpcc7942_0240",2627.40044334444,3.61105383063203,1.08314765681623,3.33385186027753,0.00085652262148197,0.00602729770842325
"Synpcc7942_0252",1466.60108426671,-4.87894666417231,1.27376671708214,-3.83032983884889,0.000127971603997785,0.00142208444942538
"Synpcc7942_0253",2889.48083725374,-5.57483390354337,0.729397171436277,-7.64307036256502,2.12102003444823e-14,8.08108633124777e-12
"Synpcc7942_0262",1980.87420500847,1.5367972596638,0.516137659602829,2.97749492034039,0.00290614460233904,0.0145416278694901
"Synpcc7942_0266",350.764076204971,1.77188108096006,0.245180231821795,7.22685131584313,4.94320781536284e-13,1.09862793696439e-10
"Synpcc7942_0267",700.555912027656,-1.61640229933477,0.503206925204666,-3.21220201545784,0.00131721716263925,0.00832468761317272
"Synpcc7942_0282",2554.13042933512,2.1152502900155,0.828014310315146,2.55460595748693,0.0106308068487049,0.0363026400326453
"Synpcc7942_0294",4878.18704435645,3.85233235781797,1.21689925325883,3.16569539138224,0.00154712715051196,0.00927233283239413
"Synpcc7942_0295",1394.80117477228,1.93733986717308,0.728460796588784,2.6594977742731,0.00782572470818202,0.0297734775987467
"Synpcc7942_0297",12074.1398908733,2.66207518493545,0.850204590990876,3.13109951786183,0.00174153134430665,0.0100316719120213
"Synpcc7942_0300",1081.03595862325,1.71473244276822,0.669773772827815,2.56016660002756,0.0104621995320421,0.0359107929883608
"Synpcc7942_0308",1124.77906616437,1.12543751768807,0.400111413770656,2.81281032970774,0.00491106096465641,0.0210575556153355
"Synpcc7942_0309",2102.54403460494,1.81672736772666,0.532921409441444,3.40899677802544,0.000652022497826694,0.00483040000473276
"Synpcc7942_0313",928.902236128241,1.89882982159969,0.556878247447902,3.40977553047147,0.000650163671739639,0.00483004599590422
"Synpcc7942_0317",191.546624130427,1.07417304221713,0.276403669634985,3.88624739908723,0.000101805755622548,0.00118050413150146
"Synpcc7942_0325",813.83576898919,5.13124108519338,1.40523393922767,3.65152089054549,0.000260691888543033,0.00252823733361552
"Synpcc7942_0326",6714.10905323777,5.09944529941051,1.42409746295262,3.58082605444553,0.000342509629518499,0.00301476297665293
"Synpcc7942_0327",6547.33957476355,6.50669169314286,1.38818998872465,4.68717664440199,2.76999868849226e-06,7.10344855981622e-05
"Synpcc7942_0328",12370.8259844025,4.16169472583035,1.18520353430081,3.51137556157009,0.000445794116872749,0.00361377784103228
"Synpcc7942_0329",882.296329254068,1.17706791644829,0.31079850657696,3.78723800642468,0.000152331170263094,0.00163159530558904
"Synpcc7942_0330",5766.08736119265,4.89987351470514,1.31409702687005,3.72869994719931,0.000192470161108442,0.00196673532442994
"Synpcc7942_0331",10394.7839426604,5.52802470298877,1.29400122486651,4.27203977612854,1.93693015049809e-05,0.000331140558421692
"Synpcc7942_0332",1469.67758579807,3.78446024306138,1.34121008319249,2.82167595553204,0.00477734221462829,0.020683720270152
"Synpcc7942_0333",1704.38525954115,4.31518426856149,1.22405739054687,3.52531204981621,0.000422984211318614,0.00349256622782273
"Synpcc7942_0336",6701.60158948005,2.73580498678122,1.09794326674962,2.4917544190424,0.0127113893001458,0.0409930777067581
"Synpcc7942_0337",3081.9839043904,3.28142191239538,1.09153873771685,3.00623495897092,0.00264504528323137,0.0137346205330931
"Synpcc7942_0344",1198.5237067683,1.86018691922002,0.291858935533181,6.37358220957583,1.8466321626158e-10,2.58261104225711e-08
"Synpcc7942_0346",265.66237875322,1.34418424139752,0.374080099116163,3.59330593788181,0.000326508845408947,0.00290238597121769
"Synpcc7942_0347",296.679636845547,2.60786524165515,1.0282518439504,2.53621256017991,0.011205869371936,0.0374981852132412
"Synpcc7942_0348",1448.37884672115,1.78512934839917,0.714608407562604,2.49805254109438,0.01248776836249,0.0405158073740085
"Synpcc7942_0352",461.327522606126,1.26616675851431,0.288608363351925,4.38714507025691,1.14848192218206e-05,0.000223444361335204
"Synpcc7942_0361",430.392556523325,3.11677035968693,1.1759154780499,2.65050542991039,0.00803714353819193,0.0301064447841967
"Synpcc7942_0371",1413.08114606003,-1.40703776144114,0.574884194879424,-2.44751512386986,0.0143845088107563,0.0450012694286723
"Synpcc7942_0372",1619.76480274009,-1.55388193622385,0.52557893350325,-2.95651487753979,0.00311137220838908,0.015306319894598
"Synpcc7942_0385",6310.67817683293,3.28636954481873,1.13811748984796,2.88754858275463,0.00388256641665499,0.0179430550342549
"Synpcc7942_0389",107.190648067773,2.11446121356171,0.612322895532964,3.45318006069541,0.000554019062191509,0.00427043017012935
"Synpcc7942_0391",1557.54336628249,1.60807008529318,0.633965932763227,2.53652444427761,0.0111958926186349,0.0374981852132412
"Synpcc7942_0410",142.647479487592,1.39002411810815,0.565218914150728,2.4592668138092,0.0139221106964971,0.04409770692109
"Synpcc7942_0412",200.152170523106,1.0607189416066,0.370459584487945,2.86325144771929,0.00419317654220861,0.0188269391213306
"Synpcc7942_0413",729.571993595017,1.59342829957843,0.539439564475538,2.95385879070182,0.00313827568481187,0.0153856273003553
"Synpcc7942_0429",817.262351580435,4.19382730074849,0.989926510657891,4.23650367537014,2.27027206382613e-05,0.000380497428189207
"Synpcc7942_0442",12889.642193197,4.20950870808085,1.28907820722973,3.2655184801605,0.00109263875563395,0.00719522854635984
"Synpcc7942_0446",1071.31198982017,4.19855716666426,1.3967217214759,3.00600835664507,0.00264701723059988,0.0137346205330931
"Synpcc7942_0451",244.29154138326,1.05246039276705,0.219095998875536,4.8036495333944,1.55799436070259e-06,4.37386416841454e-05
"Synpcc7942_0470",326.161856022715,2.916186718868,0.518203320642838,5.62749523729496,1.82845209973447e-08,1.08366261110929e-06
"Synpcc7942_0483",497.976269319584,2.01993334469559,0.525584874942821,3.84321056597251,0.000121435193534117,0.0013724419585118
"Synpcc7942_0490",6010.88633930033,-1.11958495549258,0.3071173325877,-3.64546326988196,0.00026691053712512,0.00256061295867875
"Synpcc7942_0491",18.6963659072562,-2.22014669169395,0.593179000924437,-3.7427938079972,0.000181985555135631,0.00186687855090262
"Synpcc7942_0504",990.366256971543,1.19271029903655,0.423253853880444,2.8179549650916,0.00483305881875811,0.0208572295625046
"Synpcc7942_0505",3881.55351175954,3.24724194102076,1.0280614265438,3.15860692481922,0.00158525144879539,0.00941618176823453
"Synpcc7942_0506",711.446582535512,2.30878140603451,0.837809082898044,2.75573690135736,0.00585600802345963,0.0242892276805083
"Synpcc7942_0507",911.491771338683,2.54536647964495,0.649469331771534,3.91914807232244,8.88625113652176e-05,0.00108713907252768
"Synpcc7942_0512",826.244282793071,1.35846905712244,0.373854529266571,3.63368356078897,0.000279403504686218,0.00259640817769388
"Synpcc7942_0522",136.806043721254,-1.21264027552449,0.404724008304106,-2.99621532363685,0.00273353337156417,0.0140152875726057
"Synpcc7942_0533",161.592318098148,-1.54783659054542,0.459220304375553,-3.37057524634101,0.00075011417089751,0.00537783466070876
"Synpcc7942_0535",1036.59760915676,3.61219286668784,1.2131054902844,2.97764118258256,0.00290475828048239,0.0145416278694901
"Synpcc7942_0540",1086.0817781507,-1.04898183758921,0.399366179077665,-2.62661660537162,0.00862384395044978,0.0315790082977305
"Synpcc7942_0552",612.269422963931,1.04532847418795,0.386892006541774,2.70186113052994,0.00689525548496616,0.0270834261832176
"Synpcc7942_0559",824.281112849195,1.05648403787105,0.33640808642193,3.14048347977577,0.00168669220134204,0.00980926367058019
"Synpcc7942_0565",932.046472842016,1.65942148910465,0.625462398850752,2.65311150942685,0.00797535186950393,0.0299780094724271
"Synpcc7942_0569",1578.50783477461,3.07836076383146,0.78258312278183,3.93358951172992,8.36866536774972e-05,0.00102853596939118
"Synpcc7942_0573",128.311173029303,-2.98959438089373,0.746676230353039,-4.00386976223979,6.23146791728377e-05,0.000799006006509414
"Synpcc7942_0575",1356.22041279092,3.02238099194189,0.84121124011169,3.59289183004806,0.000327028368170734,0.00290238597121769
"Synpcc7942_0581",112.047272056661,1.65073591845253,0.600311420417521,2.74979929134853,0.00596317779099648,0.0244673771824425
"Synpcc7942_0584",692.780658868055,1.38346303465244,0.5446065451368,2.54029821530134,0.0110757984840738,0.0373440639153284
"Synpcc7942_0587",8615.63182013617,-1.84673333089906,0.277859127454741,-6.64629356543221,3.00565498980695e-11,5.01005116113446e-09
"Synpcc7942_0592",643.196528975982,-1.31434386294881,0.288224855158827,-4.56013365753811,5.11210724891759e-06,0.000118556435068376
"Synpcc7942_0593",767.555599727287,2.15460000791002,0.632645983995554,3.40569617513792,0.000659955796171022,0.00487562910910835
"Synpcc7942_0598",4764.36241856119,3.40186407043019,0.839369977653627,4.05287794536058,5.05914000940413e-05,0.000695501361086639
"Synpcc7942_0601",123.509409688824,-1.41001277353662,0.582708451947146,-2.41975685924067,0.0155308877499465,0.0476718262384384
"Synpcc7942_0608",522.335097903327,1.73557124925907,0.543096532639043,3.19569569119782,0.00139494151122521,0.00867204897537911
"Synpcc7942_0610",1090.3073538439,1.14719090284431,0.320798550606181,3.57604764945658,0.000348828097762671,0.00305024438273129
"Synpcc7942_0612",862.915032492048,1.5642460718717,0.482544529407491,3.24166160124625,0.00118835037994181,0.00771126633407497
"Synpcc7942_0618",2588.33429143052,2.97292232913184,1.04071047206243,2.85662766825076,0.00428167773561609,0.019127696014888
"Synpcc7942_0630",763.166133846142,1.523791200605,0.352460828821172,4.32329233776536,1.53717826935629e-05,0.000278888057440355
"Synpcc7942_0631",1661.36607573878,3.26234302288974,1.22123202614989,2.67135397126354,0.00755459351206287,0.029115752740855
"Synpcc7942_0632",3359.422661821,3.32599855585861,1.23159040689116,2.70057198988279,0.00692203546892226,0.0271486302876701
"Synpcc7942_0633",5740.28627105304,3.19186822589784,1.22820986848222,2.59879708493325,0.00935510551155112,0.0333076220147816
"Synpcc7942_0638",322.421856806661,1.86729815288623,0.451516909670639,4.13561067789984,3.54011939481055e-05,0.000548924327090682
"Synpcc7942_0639",1879.70847144212,2.18619075876307,0.857216810214008,2.5503358458606,0.0107619191520444,0.0365631062146527
"Synpcc7942_0649",7904.55497942883,3.19188331898023,0.909583241923412,3.50917120266052,0.000449505458117335,0.00363282138423919
"Synpcc7942_0653",1206.34677273804,2.14393297085004,0.842115175081965,2.54589043671059,0.0108999393547363,0.0368910383998498
"Synpcc7942_0654",941.634504268391,2.33983166738143,0.846935212248158,2.76270443540826,0.00573246501741733,0.0239631413815862
"Synpcc7942_0680",706.524141965033,1.17910880408583,0.464490488531846,2.53849935186561,0.0111329009105407,0.0373755871745569
"Synpcc7942_0685",1978.18154688931,2.06646755921962,0.612738042672872,3.37251388897828,0.000744853296644956,0.00536898308689756
"Synpcc7942_0686",1201.75032512065,1.23456876485458,0.339404787700948,3.63745241549852,0.000275348041027008,0.00256766862034626
"Synpcc7942_0690",234.200594402216,2.93382640575583,0.77640374301958,3.77873810132037,0.00015762509394631,0.00168154450221923
"Synpcc7942_0698",490.855873579997,1.12803791462831,0.319008252180506,3.53607753692224,0.000406115477972705,0.00341450589784338
"Synpcc7942_0699",25.9682024681477,6.99206823697484,2.35805266142298,2.96518748345316,0.00302498516342946,0.0149956048900862
"Synpcc7942_0708",2988.26788460915,1.86224001150905,0.552483630001393,3.3706700260139,0.000749856168102626,0.00537783466070876
"Synpcc7942_0712",4821.47332388113,1.91182749741266,0.789692316367463,2.42097771218916,0.0154788262827621,0.0476147978040676
"Synpcc7942_0715",1225.72602109444,2.53389328719846,0.807298017330504,3.1387334451499,0.0016967971976123,0.00981639506731455
"Synpcc7942_0723",462.804932662827,-1.31411973593968,0.210833153809775,-6.23298429204995,4.57632075149867e-10,4.58783811774647e-08
"Synpcc7942_0746",93.7295088842609,-1.62315849187063,0.506429495032403,-3.20510260123529,0.00135014343549576,0.0084526585503925
"Synpcc7942_0755",370.698632435947,-2.0645864701479,0.743208692087287,-2.77793638870066,0.00547053266621131,0.022940111038971
"Synpcc7942_0757",1444.88956299325,-1.6058113214849,0.372725504914558,-4.30829471101799,1.64518077165263e-05,0.000294476316644132
"Synpcc7942_0758",765.793053814221,-1.77054472013519,0.41411163804048,-4.27552514223742,1.90687278651996e-05,0.000330235696210956
"Synpcc7942_0763",357.964498952976,-2.00953909203178,0.393271373926428,-5.10980260772227,3.22495570922281e-07,1.26484659948489e-05
"Synpcc7942_0764",253.764907696073,-1.79141920622944,0.529805607671898,-3.38127641589411,0.000721499230734985,0.00521473834246668
"Synpcc7942_0765",778.943263552694,-1.80283998445233,0.741025538278149,-2.43289858625038,0.0149784954842806,0.0463849879014325
"Synpcc7942_0768",634.888300726255,-1.67840304110641,0.33803954837668,-4.96510851811975,6.8662665670612e-07,2.31801682713319e-05
"Synpcc7942_0781",2492.69010240724,-3.8016564002894,0.544792721166555,-6.9781703253101,2.99048980543314e-12,6.13510485468475e-10
"Synpcc7942_0784",63.5069999255094,1.17690947276176,0.405552625500791,2.90198952924659,0.0037080093386944,0.0175341505430815
"Synpcc7942_0788",619.161276925862,1.87950404184394,0.482131899364635,3.89831920335658,9.68626801551772e-05,0.00114814563543937
"Synpcc7942_0789",262.571949389323,2.23188972547277,0.594370506271896,3.75504790685525,0.000173308325710213,0.00179849534890715
"Synpcc7942_0790",2159.10862583836,4.27249160691926,1.18117266869548,3.61716091148463,0.000297852150747078,0.00272979960839332
"Synpcc7942_0801",9908.61110229113,4.05728190982229,1.19585218082647,3.39279551007572,0.000691832639541216,0.00505511684837376
"Synpcc7942_0812",671.152381155273,1.32209383796541,0.501515053070839,2.63619971099584,0.00838403708661862,0.0309698433656674
"Synpcc7942_0815",647.307609761454,-1.16155472421773,0.230281591011147,-5.04406244162828,4.55750464299081e-07,1.64254930849412e-05
"Synpcc7942_0816",3137.67784899385,-1.25473368909752,0.449903330344971,-2.78889620162499,0.00528880126630321,0.0223184066095422
"Synpcc7942_0826",1288.89448543815,-1.23123074150405,0.352093984401613,-3.49688093534612,0.00047073187991723,0.00376612491090569
"Synpcc7942_0829",182.958256104789,1.23496154366635,0.498096120866881,2.47936390573979,0.0131616946903732,0.0420890164738914
"Synpcc7942_0854",4255.15696837115,-1.03937294621674,0.232457032583632,-4.47124758784316,7.776460561447e-06,0.000165918562539033
"Synpcc7942_0855",3891.53689578553,-1.73293938619527,0.334327050887674,-5.18336575396496,2.17917096661618e-07,9.05201436407385e-06
"Synpcc7942_0856",1019.24351050774,-1.98622552382842,0.400396111106652,-4.96065138679471,7.02571817940131e-07,2.34219879805791e-05
"Synpcc7942_0857",852.430529217587,-1.74046338684188,0.378203968742788,-4.6019173004119,4.18619428563065e-06,0.000100581803241234
"Synpcc7942_0858",18012.8795012987,-1.50392459502099,0.385015352348701,-3.90614188719134,9.378145811272e-05,0.00112159259545571
"Synpcc7942_0859",11126.9333951013,-1.71638494229547,0.448043523683199,-3.83084421840473,0.000127704342649128,0.00142208444942538
"Synpcc7942_0860",1983.5154001112,-1.5962702852903,0.331965136941406,-4.80854796981903,1.52030549350811e-06,4.31346250126184e-05
"Synpcc7942_0869",780.71927041982,-1.88123356001368,0.516776429810223,-3.64032384508041,0.000272295346239598,0.0025607562366169
"Synpcc7942_0870",217.112072063986,-1.49784079868012,0.313720713688931,-4.77444023720187,1.80207786228732e-06,5.00639756116696e-05
"Synpcc7942_0871",541.583643375276,-1.30935280400089,0.237187140362298,-5.52033639766845,3.38351287257644e-08,1.67307396958822e-06
"Synpcc7942_0872",942.260941258057,-1.97865475344027,0.670404380919682,-2.95143470083816,0.00316301418032982,0.0154501077269956
"Synpcc7942_0873",3641.84724745071,-1.45489720771411,0.287199206618307,-5.06581207115833,4.06662961731153e-07,1.56101520118658e-05
"Synpcc7942_0874",3594.09640787668,-1.42296198942049,0.546502703966614,-2.60376019934096,0.00922072465166342,0.0330089565717937
"Synpcc7942_0878",2724.62487260872,1.48915136927333,0.558184812454261,2.6678464480711,0.00763391385066728,0.0292523681605311
"Synpcc7942_0883",2224.7693287748,4.65806472216342,1.27970418373128,3.63995428113842,0.000272686453393026,0.0025607562366169
"Synpcc7942_0886",1699.66075255809,3.48626126225508,0.91577670476161,3.80689009026781,0.00014072524791243,0.0015133638555744
"Synpcc7942_0887",2422.64009817527,3.80284925827161,1.27657203262218,2.97895391806467,0.00289234273374255,0.0145416278694901
"Synpcc7942_0888",53.4127158817526,-1.50450240469584,0.322519911739317,-4.66483572000939,3.0886369045287e-06,7.77112700413023e-05
"Synpcc7942_0900",2382.20808183095,-6.19707077634055,1.22639164380118,-5.05309279271738,4.34712562088436e-07,1.58818959327378e-05
"Synpcc7942_0905",9845.19319397523,-4.40348185447464,1.24770145786362,-3.52927523384842,0.000416699506045193,0.00346211084929137
"Synpcc7942_0906",623.825328079072,-1.05211229995165,0.370454247378482,-2.84006002737697,0.00451050453568483,0.019881409193349
"Synpcc7942_0908",538.649938754239,1.03095687513437,0.213033108999311,4.83942087676945,1.30218020551902e-06,3.85879400902136e-05
"Synpcc7942_0915",531.458297307773,1.48105587654053,0.427907351677155,3.46116015706584,0.000537852728812286,0.00419234332695467
"Synpcc7942_0920",968.873620981662,4.33718434021521,1.36685247692206,3.17311810414382,0.00150811162268347,0.00912048457527624
"Synpcc7942_0940",350.383229862817,-1.21532904888162,0.369732087541856,-3.28705321997251,0.00101241698329834,0.00679858269405617
"Synpcc7942_0942",10741.5722844469,1.67522080646677,0.65114978170852,2.57271192208841,0.0100905158510148,0.0349618868172273
"Synpcc7942_0963",93.0273404589711,1.23458034267276,0.497361367390879,2.4822602309248,0.0130551894462395,0.041798547722834
"Synpcc7942_0964",371.370612079479,1.29213215199772,0.386573953017159,3.3425225417098,0.000830206119593711,0.00588872266211816
"Synpcc7942_0967",1382.24744038132,2.53196485503749,0.848423946443591,2.98431564272901,0.0028421341458993,0.0143288691249782
"Synpcc7942_0969",474.496932276623,1.14102992505463,0.45762814696962,2.49335608530737,0.0126541870552577,0.0408610732927882
"Synpcc7942_0971",1943.99425813713,2.13088260999629,0.775833287143759,2.74657280798194,0.0060221517686499,0.024624619400934
"Synpcc7942_0972",253.645825632219,1.42269623578322,0.364188484069814,3.90648331293884,9.36491074209105e-05,0.00112159259545571
"Synpcc7942_0977",8359.96462735237,3.42549478330935,1.14045073397321,3.00363240714071,0.00266777436885966,0.0137788950779738
"Synpcc7942_0979",784.056258234003,-1.47019699567544,0.562166502771457,-2.6152340782089,0.00891663237905426,0.0323546374897112
"Synpcc7942_0980",859.55051190134,-1.54359938601704,0.612195779632419,-2.52141461501722,0.0116884038615988,0.0385327232371867
"Synpcc7942_0989",505.447314817854,-1.39757896011374,0.537948107214456,-2.59798099736893,0.00937736832349943,0.0333076220147816
"Synpcc7942_1002",15606.2596545438,4.47740434152709,1.49849746970401,2.98792919711202,0.00280874614563408,0.0142571334997064
"Synpcc7942_1004",535.586052263724,-1.95450498342684,0.687808913592818,-2.84163950888242,0.00448822101124997,0.01985088795523
"Synpcc7942_1005",678.243013654475,-1.39707433294408,0.550302506695063,-2.53873881355629,0.0111252844734615,0.0373755871745569
"Synpcc7942_1007",3425.56765322477,-1.51549958679975,0.287054957990916,-5.27947539177396,1.29554276404146e-07,5.48446436777551e-06
"Synpcc7942_1008",1278.11721320267,-1.73491795389624,0.346656254844475,-5.00472133316792,5.59429004679144e-07,1.96315415194642e-05
"Synpcc7942_1009",486.339343375391,-1.26778182007217,0.503738124268859,-2.5167478080248,0.0118443575061206,0.0387593883053052
"Synpcc7942_1038",744.75056650308,-1.46122750945916,0.415042630478048,-3.52066848597242,0.000430460422269274,0.00353242444982202
"Synpcc7942_1039",538.860326063861,-1.50302568431609,0.52131267797566,-2.88315582531501,0.00393712626825189,0.0181039926852203
"Synpcc7942_1040",253.990988228434,-1.06431859292892,0.324051303155533,-3.28441386460983,0.00102194731021268,0.00683091096826373
"Synpcc7942_1047",16593.7811082096,6.14696317993184,1.38750130193937,4.43023957623678,9.41284572166929e-06,0.000193108150305323
"Synpcc7942_1048",31108.4923972998,5.95886143937254,1.4774593007155,4.03318144634291,5.50267580223245e-05,0.000726516651710592
"Synpcc7942_1049",7543.61337891189,4.97583646356198,1.37489758722927,3.61905971017771,0.000295675415738978,0.0027191942543995
"Synpcc7942_1050",11160.2070709757,4.61363721349341,1.47433802495115,3.12929405293353,0.00175226857601171,0.0100717678711708
"Synpcc7942_1051",700.674412937564,5.00055102449293,1.23088296771217,4.06257227995235,4.85349122626905e-05,0.000674180265648936
"Synpcc7942_1052",16467.0538805245,6.15403011251698,1.38295075331395,4.4499271559527,8.58994197882504e-06,0.000178979494199425
"Synpcc7942_1053",31210.4557844535,5.99327594976194,1.47581581560439,4.06099181645342,4.88646845152834e-05,0.000675244111928812
"Synpcc7942_1056",953.231791252775,1.58319750207006,0.643275629810366,2.46114951150378,0.0138492639214709,0.0439191282741533
"Synpcc7942_1061",1450.02926425448,-1.475713887835,0.531849524705557,-2.77468309979592,0.00552555204373607,0.0231344541611367
"Synpcc7942_1062",131.648383365858,-1.31360864891232,0.426735240701089,-3.0782755292349,0.002082023168042,0.0115441908298711
"Synpcc7942_1063",325.195808978558,-1.91896799344863,0.596491724820149,-3.21709072163111,0.00129497643323075,0.00822310035101527
"Synpcc7942_1068",1296.52032421444,1.36008371134421,0.512680515741339,2.65288746028805,0.00798064744110359,0.0299780094724271
"Synpcc7942_1074",109.243624181665,-1.40180678446077,0.50422376017389,-2.78012837787996,0.00543374126293642,0.022821713304333
"Synpcc7942_1079",2607.99897212554,-1.5352853329826,0.534495141360866,-2.87240278568978,0.0040736339121466,0.0185083162584242
"Synpcc7942_1080",3828.95009364589,-1.74825830280866,0.452587767921564,-3.8628050219679,0.00011209247243148,0.00128304988830368
"Synpcc7942_1081",1955.83214807983,-1.30538662359806,0.212412538730591,-6.14552526606597,7.96993248339404e-10,6.85671288168126e-08
"Synpcc7942_1089",5996.44500448926,-1.86242177626555,0.252816408577309,-7.36669659515413,1.74907935669657e-13,5.18310516034416e-11
"Synpcc7942_1105",705.516664397006,1.03479599710383,0.42925441727772,2.41068223285012,0.0159227145841082,0.0483666056899962
"Synpcc7942_1110",685.440900471545,2.27932980410392,0.858618992421505,2.65464638474358,0.00793915846386773,0.0299487066805307
"Synpcc7942_1115",301.800878210532,-1.20660338699768,0.261831845650522,-4.60831410327445,4.05947089856207e-06,0.00010024637857838
"Synpcc7942_1117",1628.82428045919,-1.20006796618136,0.262530586946592,-4.57115485147448,4.85043675584948e-06,0.000114478892281863
"Synpcc7942_1118",4045.68882207422,-1.73738345552677,0.581627888934806,-2.98710479428457,0.00281633165109951,0.0142571334997064
"Synpcc7942_1119",1996.93332115895,-1.96545772960856,0.539919916937724,-3.64027639646282,0.000272345531372901,0.0025607562366169
"Synpcc7942_1122",1452.39465142423,4.38986948839385,1.19776827412343,3.66504071215823,0.000247299240552351,0.00240744332766596
"Synpcc7942_1123",729.150008500469,3.34539458010372,1.14728329466225,2.91592721315495,0.00354633223399619,0.0169803735512888
"Synpcc7942_1125",989.631864452951,1.81517162320271,0.710432056016938,2.55502494268,0.0106180188992793,0.0363026400326453
"Synpcc7942_1132",4854.69040935745,-1.90612523863098,0.618524106293738,-3.08173152709065,0.00205800360768053,0.0114826268236066
"Synpcc7942_1133",5869.38689405972,-1.85851381368534,0.605657164030918,-3.06859048990044,0.00215071182403579,0.0116985439803421
"Synpcc7942_1135",431.376296824042,-2.09808215726675,0.548562419153784,-3.8246917470272,0.000130935807162679,0.00143706089589656
"Synpcc7942_1137",2785.69225261872,2.47632324456114,0.977001743991287,2.53461496848999,0.0112570980926866,0.0376224067834527
"Synpcc7942_1148",2025.82031104344,-1.00216278047296,0.318396753037154,-3.14752826752609,0.00164657184482787,0.00965144419814489
"Synpcc7942_1150",847.504708645186,-2.69837598968149,0.433476475248408,-6.22496523746797,4.81662794514065e-10,4.58783811774647e-08
"Synpcc7942_1152",5155.41567393246,4.53050433490038,1.01655694295307,4.45671476281435,8.32252210046019e-06,0.000174772964109664
"Synpcc7942_1153",898.362948944236,-1.58082112244764,0.597141047527591,-2.64731612236822,0.00811334694330252,0.0302633514654375
"Synpcc7942_1158",8998.58608350926,-1.42482419461071,0.447495354906528,-3.18399773090009,0.00145256151025703,0.00886494633376545
"Synpcc7942_1159",466.163531116524,-1.57450846762023,0.619781822682106,-2.54042375881006,0.0110718230097799,0.0373440639153284
"Synpcc7942_1160",805.309120344095,-1.75241085723189,0.730114381412384,-2.40018674038704,0.0163867097967108,0.0493823220653419
"Synpcc7942_1162",342.979737303068,-1.73261083389783,0.646661975960217,-2.67931453882858,0.00737730581930649,0.0285562766619599
"Synpcc7942_1163",796.269522679506,-1.89888508215424,0.752644855863755,-2.52294965860762,0.0116375059514163,0.0384600103747551
"Synpcc7942_1164",2420.31095739321,-1.00076804608248,0.337965215254461,-2.96115695021743,0.00306485711398937,0.0151369887463141
"Synpcc7942_1165",435.086766194794,-2.02196475504589,0.770054907255586,-2.62574101663998,0.0086460573959408,0.0315877192807865
"Synpcc7942_1176",71.5771115151853,3.40078678513868,1.36783489390615,2.48625532240006,0.0129095308514563,0.0415228314155769
"Synpcc7942_1177",1259.79790336339,3.59020647542106,1.45498552710904,2.46752040383149,0.0136052467356795,0.043403340961791
"Synpcc7942_1179",620.494108223156,2.66264375332117,0.870776417815812,3.05778119255909,0.00222982327402304,0.0120140175188272
"Synpcc7942_1180",856.592775018062,3.15528696668796,1.02144383164898,3.08904598463743,0.00200800356263379,0.0112744115821986
"Synpcc7942_1181",2018.31823137421,3.13085901884069,0.901980738960645,3.47109298858021,0.00051834446660954,0.00407794894527328
"Synpcc7942_1193",405.568416875784,1.63094614223142,0.327081873490387,4.98635440976021,6.15292324353805e-07,2.10382644750205e-05
"Synpcc7942_1194",474.904750723107,1.30450726224178,0.434448951083141,3.00267099043388,0.00267621584191616,0.0137788950779738
"Synpcc7942_1204",339.213517826004,-1.50099659922396,0.600269527125175,-2.50053772746481,0.0124004924204168,0.0403318454698189
"Synpcc7942_1205",27.2604536632508,-2.43160149149738,0.635280063591375,-3.82760554101291,0.000129395906306146,0.00143194556895639
"Synpcc7942_1206",292.232556845117,-1.62302046495309,0.431356599101592,-3.76259565365045,0.000168158959800767,0.00175874488544566
"Synpcc7942_1207",369.817963664042,-1.64252557869041,0.262484266298108,-6.25761536817206,3.90908464259845e-10,4.34397030908753e-08
"Synpcc7942_1209",193.009742847723,-2.27160119870758,0.265066964618085,-8.56991440627299,1.03561986198265e-17,6.90499542976931e-15
"Synpcc7942_1210",145.330477779458,-1.68854966397802,0.278176590819019,-6.07006383609245,1.27859416074032e-09,1.06562832084201e-07
"Synpcc7942_1211",205.747272797812,-1.64536441755909,0.340176998525354,-4.83678915591484,1.31953265273941e-06,3.86724569764396e-05
"Synpcc7942_1212",348.87664952489,-2.21121987351876,0.503139540352042,-4.39484416583835,1.10852246939809e-05,0.00021738451660917
"Synpcc7942_1213",290.064885964175,-1.77637293060907,0.649703873728974,-2.73412704223785,0.00625459070391696,0.0252708436136299
"Synpcc7942_1231",3975.20366678479,3.03543165440677,1.10532506734088,2.74618910227851,0.00602920002580049,0.024624619400934
"Synpcc7942_1232",1363.23337994479,2.26872672728451,0.861865417284103,2.63234454218349,0.00847978200763755,0.0311939015370612
"Synpcc7942_1234",624.202435570353,-1.27329131805878,0.462500012316103,-2.75306223600386,0.00590406713139861,0.0244071017693087
"Synpcc7942_1237",2256.98458580351,2.41978155413319,0.960102678146704,2.52033621945949,0.0117242785537553,0.0386032727195869
"Synpcc7942_1240",1802.48001488228,2.88322722435654,0.889317739385509,3.24206647035823,0.00118666341447434,0.00771126633407497
"Synpcc7942_1250",3229.41414065013,4.86915501706009,1.35747118407222,3.58693066504241,0.000334593245090807,0.00295483504853372
"Synpcc7942_1253",40.2391830173041,1.13783920821612,0.464524503210858,2.44947080369542,0.0143066307955129,0.0448364093203677
"Synpcc7942_1277",1979.74359838951,4.19048228564677,1.31078185179653,3.19693340268893,0.00138896990896975,0.0086550998766877
"Synpcc7942_1281",539.077500706546,1.10725050362467,0.424191103113521,2.61026338246503,0.0090472536114885,0.0326530042160195
"Synpcc7942_1288",483.629137916347,-1.51685790475395,0.506763110925822,-2.99322873360445,0.00276042780023788,0.0141035650253533
"Synpcc7942_1290",133.211739821254,-1.57557943712667,0.548128272084059,-2.8744721215275,0.00404703496788361,0.0184188434459822
"Synpcc7942_1298",4570.58280308952,-1.32094360695229,0.222173679039378,-5.94554500183691,2.75538535356953e-09,2.09960363941998e-07
"Synpcc7942_1299",2099.94740412539,-1.09985024143103,0.412151051353159,-2.66856104775188,0.00761769335420481,0.0292449720703191
"Synpcc7942_1300",422.42748816523,-1.50353287066899,0.53510283955139,-2.80980170452749,0.00495720321357574,0.0212212856671051
"Synpcc7942_1302",464.922681829553,-2.8570481032087,0.392224420186215,-7.28421780023864,3.2354195696256e-13,8.62886399219148e-11
"Synpcc7942_1310",3983.82231971124,2.4337162557949,0.802540273051687,3.03251604625474,0.00242524202882333,0.0128847021730514
"Synpcc7942_1313",1629.46364349201,1.03035751531481,0.380227012982632,2.70984827519835,0.00673139928297442,0.026517934841496
"Synpcc7942_1314",3279.55434262844,-1.48965957040055,0.558256445354481,-2.66841445861793,0.0076210182185496,0.0292449720703191
"Synpcc7942_1320",480.829948345814,-1.60743798202441,0.630176870306534,-2.55077273979052,0.0107484387688339,0.0365631062146527
"Synpcc7942_1322",1573.07326313181,4.00140803134628,1.32386029167089,3.02253044110567,0.00250670869461988,0.0132122373291526
"Synpcc7942_1334",1232.38395381129,-1.42445547387575,0.501898335120263,-2.83813548322377,0.00453779169181485,0.0199378755223562
"Synpcc7942_1335",641.614328454174,-1.77231547019875,0.671459331457689,-2.6394978625901,0.00830289468105122,0.0307980808266531
"Synpcc7942_1336",2974.97694291425,-1.92267206230977,0.586082659095434,-3.28054760275154,0.00103605779669293,0.0069079153594501
"Synpcc7942_1337",24966.6798362827,-1.87899001873149,0.51783496814654,-3.62854989391091,0.000285017671311299,0.00263938239370568
"Synpcc7942_1339",281.484269044482,-1.41805333652419,0.24215143621803,-5.85605998738488,4.73977076736291e-09,3.41647800988024e-07
"Synpcc7942_1344",1831.78918109836,3.05364190615639,0.875130232174442,3.48935711953292,0.00048418382227497,0.00384320908930758
"Synpcc7942_1346",609.870059306104,1.45254474014378,0.339864944009768,4.27388810098058,1.92093467497611e-05,0.000330524695365245
"Synpcc7942_1353",748.357724836321,-1.6637789369329,0.527942740547659,-3.15143823212151,0.00162468522340021,0.00955024623047132
"Synpcc7942_1354",2384.03233820866,-2.01936711384761,0.589788695744626,-3.42388236400174,0.000617333376105474,0.00461184345678795
"Synpcc7942_1355",9160.43134768976,-1.66962634182595,0.52731250069964,-3.16629387623219,0.00154394725295117,0.00927233283239413
"Synpcc7942_1356",997.666791563011,-1.42417860143114,0.390389202871142,-3.64809936073263,0.000264187473476247,0.00255285504261287
"Synpcc7942_1357",15761.100621465,-1.81076756769231,0.58071007355432,-3.1181955508525,0.00181962028192746,0.0103917072631703
"Synpcc7942_1358",1453.13913147539,-1.55342035826525,0.342168917473571,-4.5399224737742,5.62749159751115e-06,0.000128948818907518
"Synpcc7942_1361",971.887271101327,-1.04348955778062,0.23548352817021,-4.43126347685081,9.36825347780584e-06,0.000193108150305323
"Synpcc7942_1362",657.297942098996,-1.05328557286532,0.340872295408211,-3.08997119171555,0.00200175910136021,0.0112630622855014
"Synpcc7942_1363",534.913527045775,-1.29648980672198,0.285809866521436,-4.53619681679094,5.72777308164885e-06,0.000129457379735233
"Synpcc7942_1365",1433.37472194095,-1.52935874270323,0.474043703741625,-3.22619777592659,0.00125446639441948,0.00803896814452214
"Synpcc7942_1366",974.480696400232,-1.20521941614745,0.379752298342628,-3.17369880684713,0.00150509786683916,0.00912048457527624
"Synpcc7942_1369",657.683662577319,-1.12771876297491,0.467730111028085,-2.41104589246168,0.015906846747485,0.0483666056899962
"Synpcc7942_1370",143.936000665645,-1.14540212972913,0.310827448716026,-3.68500959120756,0.000228694028175398,0.00225898878942143
"Synpcc7942_1372",7998.11579919492,-1.23612005162197,0.300284521321664,-4.1164960690659,3.84675887551213e-05,0.00056897153200788
"Synpcc7942_1380",2836.64974387496,-1.59282669510124,0.339394567258872,-4.69314140166045,2.69041390898945e-06,6.96634358764549e-05
"Synpcc7942_1381",4603.3143206501,-1.85536006304411,0.420654400046227,-4.41065174366469,1.0305995465114e-05,0.000205684458536481
"Synpcc7942_1382",7431.84656035934,-1.62518961619047,0.327923352124651,-4.95600452258337,7.19575416489338e-07,2.36926868614452e-05
"Synpcc7942_1384",1898.09348274634,-1.18344489700049,0.467938708830262,-2.52905962825521,0.0114368595078254,0.0379379406808087
"Synpcc7942_1386",1678.51316682763,-1.44945338986677,0.557620447998327,-2.59935480319961,0.00933991813221203,0.0333076220147816
"Synpcc7942_1391",2822.57036052142,-1.60687839599699,0.64273980481276,-2.50004493881486,0.0124177553379439,0.0403387983998737
"Synpcc7942_1392",11756.9731197144,-1.82527730696828,0.670449755617077,-2.72246695844987,0.00647965126670986,0.0257161159647548
"Synpcc7942_1393",1653.3549831518,-2.05415753544327,0.624367750018125,-3.28998020058473,0.001001944326598,0.00675213774262552
"Synpcc7942_1394",4333.15989675619,-1.59588398089925,0.459188895553687,-3.47544114492347,0.000510013891375525,0.00402428120798381
"Synpcc7942_1395",662.91310189592,-2.30027042235003,0.474700708307871,-4.84572780721062,1.26148369369544e-06,3.82315569441561e-05
"Synpcc7942_1396",163.624909101343,-1.74388937422306,0.426634496778351,-4.08754891456669,4.35954776827216e-05,0.00061518062952285
"Synpcc7942_1398",5250.29726064969,-1.76695307486294,0.311399695696663,-5.67422864980619,1.39314952067801e-08,8.44438584465515e-07
"Synpcc7942_1399",2778.3360467239,-1.62201573509168,0.260339812288234,-6.23037913730948,4.6530769276561e-10,4.58783811774647e-08
"Synpcc7942_1400",3214.83004540074,-1.88037496612111,0.325975417965292,-5.76845633900321,8.00009329216318e-09,5.4708330282562e-07
"Synpcc7942_1401",615.321023144743,-1.70444900034401,0.322063002822966,-5.29228438350282,1.20797851730819e-07,5.23830315176031e-06
"Synpcc7942_1410",4394.95585482997,1.50785017253126,0.597453521560705,2.52379493653726,0.0116095628481904,0.0384152656527591
"Synpcc7942_1412",630.395647219332,1.35055864292143,0.408629822835567,3.30509073848214,0.000949456558855433,0.00652629031563773
"Synpcc7942_1415",4236.13564911544,2.68617787868913,0.81300975503725,3.30399218711227,0.000953184886054207,0.00653507478433565
"Synpcc7942_1433",673.261082434757,1.08772971234463,0.449014449676183,2.42248264644728,0.0154148619856778,0.047472790895846
"Synpcc7942_1434",1195.37629262631,2.24482162690377,0.821948776206655,2.73109674457302,0.00631239385982532,0.0253923897800213
"Synpcc7942_1437",241.27604034672,2.22269853411698,0.542236122907954,4.09913401231347,4.14698875785075e-05,0.000597838865793943
"Synpcc7942_1439",4523.72837459749,2.65869345365753,0.936302532339512,2.83956665909504,0.00451748555349436,0.019881409193349
"Synpcc7942_1443",16236.1625851378,3.17629407863103,1.11149650559471,2.85767347233499,0.00426759294394705,0.0190967623850785
"Synpcc7942_1444",300.054577840764,-1.73950485058338,0.621858731800827,-2.79726690585495,0.00515369393378775,0.0218173043197015
"Synpcc7942_1445",1586.29780852268,-1.08477929717798,0.253097389013508,-4.28601536114654,1.81906414963725e-05,0.000319173953097536
"Synpcc7942_1451",538.150696555349,1.62713387595913,0.590107823661277,2.75735011588849,0.00582719212179192,0.0242073541881917
"Synpcc7942_1453",1055.88917567238,3.08961963954685,0.984238859121466,3.13909536380696,0.0016947028620298,0.00981639506731455
"Synpcc7942_1454",1358.90526892009,2.53497167902052,0.920349286796738,2.75435828047789,0.00588073523875522,0.0243539144126711
"Synpcc7942_1459",381.469259384362,-1.06361735534372,0.194733978234681,-5.46189917643401,4.71067609413556e-08,2.24345948983206e-06
"Synpcc7942_1460",178.120801649866,-1.32318880788854,0.449562231890185,-2.94328285168705,0.00324751558211558,0.0157964478384765
"Synpcc7942_1466",2562.45268874178,-1.15812423258097,0.207601968557209,-5.57858020629424,2.42489660205382e-08,1.34733317451616e-06
"Synpcc7942_1467",709.016357537049,-1.43734460699453,0.230303223399499,-6.24109635018534,4.34514479794807e-10,4.58783811774647e-08
"Synpcc7942_1475",8162.68962671164,2.53262473835707,0.734672370840631,3.44728458409179,0.00056625177275864,0.00430254552121736
"Synpcc7942_1478",619.414586841201,1.42767032588461,0.591455228078845,2.41382653852253,0.0157859756667765,0.0481156538323347
"Synpcc7942_1498",83.9919708798601,3.43505546165527,1.00937615252061,3.40314703599573,0.000666144212870047,0.00490775308211165
"Synpcc7942_1499",2814.07760454378,5.5878165257645,1.43461782618607,3.89498612367009,9.82043516345307e-05,0.00114955629387291
"Synpcc7942_1506",650.31954314157,-2.28697088630193,0.614423654183077,-3.72214004251291,0.000197541404448559,0.00201085086131415
"Synpcc7942_1508",608.16083349798,1.52041880078707,0.394869904696757,3.8504296800099,0.000117910781601182,0.00134388057491604
"Synpcc7942_1512",1609.33783246852,1.47429027215209,0.305395926092723,4.82747196733878,1.38277145607443e-06,3.97394215893633e-05
"Synpcc7942_1513",821.390171529543,1.76471434641703,0.436177148466484,4.04586611797851,5.21300216046539e-05,0.000709394072320206
"Synpcc7942_1520",1304.63173356998,3.39404467167272,1.38852106862225,2.44435950477903,0.0145109586906058,0.0451204445652993
"Synpcc7942_1521",1211.07569903832,2.46441796945203,0.910542257613712,2.70653882216363,0.00679886324759719,0.0267442010049288
"Synpcc7942_1523",6813.84039537133,2.68749341528051,0.843761673035779,3.18513331568042,0.00144687336986314,0.00886298482498014
"Synpcc7942_1529",787.820800116717,-1.43764199050642,0.490980683746447,-2.92810295414565,0.00341037098065083,0.0164177967606422
"Synpcc7942_1530",516.69398815045,-1.57944422941029,0.562528437028851,-2.80775890682533,0.00498875600345698,0.0212894154476938
"Synpcc7942_1531",1299.85246534773,-1.74688655902604,0.527506625599131,-3.31159169241138,0.0009276683365082,0.00642621156744771
"Synpcc7942_1532",1826.99009614762,-2.01834550527175,0.489112826175365,-4.12654381005356,3.68255876228167e-05,0.000558033194261659
"Synpcc7942_1533",1981.98517079443,-1.63855212360899,0.260786904248077,-6.28310738352986,3.31871654956349e-10,4.02318956258447e-08
"Synpcc7942_1534",11178.3866663773,-1.29212268359053,0.420524156105277,-3.07264794383666,0.00212168634045933,0.0116283462385997
"Synpcc7942_1536",1109.41747513767,-1.38841175315034,0.528286963670584,-2.62813934211728,0.00858533401796329,0.031538603766996
"Synpcc7942_1537",113.594462124501,-2.3236170449914,0.530050250082534,-4.38376747229077,1.16644276916452e-05,0.000223805961536819
"Synpcc7942_1538",550.639824392225,-2.11061576176557,0.60934470214579,-3.46374679936183,0.000532707676333651,0.00416636766211686
"Synpcc7942_1539",679.933507484813,-1.9300996024324,0.548190258794643,-3.52085716859743,0.000430154250931977,0.00353242444982202
"Synpcc7942_1540",1642.73039769922,-1.46601465208796,0.534293588688407,-2.74383725188761,0.00607256357378449,0.0247638028307083
"Synpcc7942_1541",1055.51198842227,-1.39929044352778,0.53390181479375,-2.62087598272791,0.00877041603863728,0.0319545076161825
"Synpcc7942_1543",12.5327654208246,-2.0733476733874,0.629861745614469,-3.29175043225514,0.000995659247861301,0.00673965282752815
"Synpcc7942_1544",517.301422702365,-1.87053350956478,0.3132318678186,-5.97172159586281,2.34762906600699e-09,1.84150785854136e-07
"Synpcc7942_1545",742.802589057492,-2.48895282722805,0.56438113069894,-4.41005677164594,1.03343522474272e-05,0.000205684458536481
"Synpcc7942_1546",4388.75524235387,-1.87389388826615,0.707423763934228,-2.64889869947933,0.00807545332463094,0.0301641933008273
"Synpcc7942_1547",770.789113743791,-1.89475352184708,0.575440899349251,-3.29269873585594,0.000992307398086345,0.0067340555488455
"Synpcc7942_1548",3206.22830597932,-1.45239132542297,0.449700813452293,-3.22968356288519,0.00123927298041941,0.00796534840346348
"Synpcc7942_1549",982.133529436605,-1.33399663696028,0.416713326919666,-3.20123343983535,0.00136840621003175,0.00854693059052618
"Synpcc7942_1551",1120.53982716097,-1.21072269508875,0.430286645427563,-2.81375847462263,0.00489660030699676,0.0210293607387445
"Synpcc7942_1555",1489.13746076583,2.36883874299751,0.78913531462674,3.0018156570752,0.00268374638897884,0.0137910435826716
"Synpcc7942_1557",4168.84001430012,2.67774764130478,0.809891210082622,3.3063053506058,0.000945350065189361,0.00652629031563773
"Synpcc7942_1558",1193.18588030793,-1.24992646656107,0.460282097171579,-2.71556611530589,0.00661625643021359,0.0261803499990796
"Synpcc7942_1560",56.3659653579338,-2.21983654046391,0.770443455354897,-2.88124524263933,0.0039610730356073,0.0181203804218948
"Synpcc7942_1561",2070.84762869398,-1.33977639364837,0.241559145852393,-5.54636997461089,2.91661338548577e-08,1.52521723511579e-06
"Synpcc7942_1563",455.540471581293,-1.82897677777867,0.558729688715461,-3.27345550937798,0.00106241114377788,0.00704838437924279
"Synpcc7942_1564",353.135079220187,-2.46637424250544,0.665530383783353,-3.70587775194394,0.000210659896220398,0.00210423199707791
"Synpcc7942_1565",497.27081343739,-1.47717115440232,0.267568608267601,-5.52071920531491,3.3761492403264e-08,1.67307396958822e-06
"Synpcc7942_1571",1420.96453731317,-1.67620017280052,0.575681505779998,-2.91167973257958,0.00359491020802788,0.0170628993232056
"Synpcc7942_1572",3932.77359495327,-1.63233544449611,0.514865632573939,-3.17041057165861,0.00152223681488568,0.00918508050972877
"Synpcc7942_1573",2096.69716281776,-1.06950203332522,0.394606330127743,-2.71030125892557,0.00672221207312848,0.026517934841496
"Synpcc7942_1574",5423.66180586567,-1.32828602413627,0.527623456038553,-2.51748857814088,0.011819480171995,0.0387456431804064
"Synpcc7942_1579",424.299752060164,-1.64131742715553,0.644264264641008,-2.54758414712027,0.0108471689352856,0.0368058518453012
"Synpcc7942_1580",358.932829999777,-1.0751968324585,0.427688573625812,-2.51397137721803,0.0119380122345069,0.0390179885164582
"Synpcc7942_1581",3489.34276011845,-1.48061166940714,0.429445317662981,-3.44773038268191,0.0005653180520645,0.00430254552121736
"Synpcc7942_1591",1039.42735566253,1.36385127841008,0.525080337609689,2.59741449207318,0.00939285032826165,0.0333089012207289
"Synpcc7942_1593",1202.34122523109,2.10194694742592,0.853934917308179,2.46148377917581,0.0138363654225498,0.0439191282741533
"Synpcc7942_1599",992.194842833524,1.45204687550059,0.387571957060327,3.74652203042279,0.000179303263382391,0.00185349536217379
"Synpcc7942_1601",5.46335855257005,-2.51413352157771,0.923056729320567,-2.72370423368051,0.00645542885469397,0.0256581650603112
"Synpcc7942_1607",2926.01358384295,1.50251926096212,0.602615609404773,2.4933294748973,0.0126551355604961,0.0408610732927882
"Synpcc7942_1616",1209.52777613166,2.82334377764117,0.949904777434592,2.97223873877776,0.00295636701830664,0.014710132160119
"Synpcc7942_1617",3840.16416698783,2.84656682855382,0.85903668717128,3.31367317725076,0.000920790663241491,0.00639517890329442
"Synpcc7942_1626",669.046935321082,1.01459630979365,0.372280494470196,2.72535447025652,0.00642324859481485,0.0256362287691023
"Synpcc7942_1628",1059.04062799839,-1.02579086558029,0.179054233935594,-5.72893945612739,1.01060452726232e-08,6.57385920538686e-07
"Synpcc7942_1629",441.424958839462,-1.29568888819577,0.474992337206211,-2.72781008598307,0.00637563027209826,0.0255696329859941
"Synpcc7942_1632",1249.05056022193,-1.17496520736935,0.284622568858779,-4.12815193145255,3.65690469104193e-05,0.000558033194261659
"Synpcc7942_1633",855.265970347159,-1.77045978794576,0.227719886219456,-7.77472629790247,7.56107087601133e-15,3.36089600438704e-12
"Synpcc7942_1646",1848.41593948339,-1.18178604926698,0.487047265952691,-2.42642990091596,0.0152481957460282,0.0470682153410386
"Synpcc7942_1647",958.842318144438,-1.21051190704823,0.495034717527158,-2.44530709501565,0.0144728849024525,0.0451204445652993
"Synpcc7942_1661",529.104812805406,-1.47299083482538,0.463986114154304,-3.17464421863176,0.00150020319529867,0.00912048457527624
"Synpcc7942_1663",255.132706144394,-1.21152336417505,0.497768337766967,-2.43391005866313,0.0149367060749762,0.0463211570953042
"Synpcc7942_1664",212.121656996533,2.90373589214549,1.05896391381574,2.74205367554266,0.00610563634803543,0.0248606597560465
"Synpcc7942_1672",437.731803636813,2.00320952511923,0.763479160402469,2.62379070577806,0.0086957201741386,0.0317256986380679
"Synpcc7942_1678",1155.22022666409,2.30038827919001,0.720024257722376,3.19487608162916,0.00139890891154244,0.00867648852810161
"Synpcc7942_1679",1255.36924504508,3.13957631776238,1.14741226946684,2.73622341446744,0.00621488155194492,0.0252284461172559
"Synpcc7942_1680",1703.46941991093,2.36443727069665,0.411261681831317,5.74922822901464,8.9651732549428e-09,5.97752926773312e-07
"Synpcc7942_1681",2239.52191207703,3.52340294168623,0.553666028985048,6.3637694155539,1.9686161194904e-10,2.58261104225711e-08
"Synpcc7942_1682",731.448046929037,1.452845874475,0.409244024396242,3.55007229884025,0.000385125367862946,0.00331332050351766
"Synpcc7942_1683",101.507025413988,1.93036680621287,0.590860001628821,3.26704600225339,0.00108676019523331,0.0071742312888298
"Synpcc7942_1685",1075.99632529684,1.48279090616109,0.419410224927067,3.53541906714111,0.000407128937200673,0.00341450589784338
"Synpcc7942_1689",1022.22133305899,4.04944796609842,0.558124380183253,7.25545794069924,4.00305154850758e-13,9.7055804362452e-11
"Synpcc7942_1690",117.507179042104,2.47362354921664,0.488914541605254,5.05941905735712,4.20535743486182e-07,1.57967440546147e-05
"Synpcc7942_1716",7987.37181461741,-1.48958746389959,0.467307476542419,-3.18759604473047,0.0014346080420274,0.00886298482498014
"Synpcc7942_1720",471.090044281991,-1.34692117891932,0.480487269295922,-2.8032400960238,0.0050591990764337,0.0214854839758737
"Synpcc7942_1724",80.5259790147146,-1.3001075933185,0.430372451029612,-3.02088944171067,0.00252033367358982,0.0132578499161027
"Synpcc7942_1726",369.965142625944,-1.04260146714548,0.384733479131134,-2.70993174157873,0.00672970560811532,0.026517934841496
"Synpcc7942_1742",6214.07104749117,3.11182594888684,1.04129795473125,2.98841069911635,0.00280432437903871,0.0142571334997064
"Synpcc7942_1743",2644.99631848895,1.5909300089296,0.554578823546844,2.86871755894807,0.00412139647967405,0.0186574470490526
"Synpcc7942_1749",719.593555107752,2.46498630440508,0.783780189447605,3.14499694887972,0.00166088562144614,0.00971399550964223
"Synpcc7942_1750",942.916137756861,1.96395169202691,0.799408125605601,2.45675722965549,0.0140197393238557,0.0441942838693271
"Synpcc7942_1760",913.445420670301,1.13239251521397,0.2607952127355,4.34207554401104,1.41142982083656e-05,0.000263236596655322
"Synpcc7942_1761",2906.49188314885,2.02163096371288,0.650178248291421,3.10934881169195,0.00187500217048062,0.0105945567556606
"Synpcc7942_1772",492.796889353857,2.7690039142172,0.95416317786056,2.9020234467923,0.00370760789168168,0.0175341505430815
"Synpcc7942_1777",1014.08040412165,-1.04626164256242,0.436201909904289,-2.39857189711065,0.016459144955132,0.0494887706824545
"Synpcc7942_1781",270.663875034502,2.82070141064813,1.05161688786656,2.682251914355,0.00731283689583433,0.0283891353729114
"Synpcc7942_1782",4171.551593833,2.97537362045156,0.862810333877254,3.4484677612529,0.000563776766709878,0.00430254552121736
"Synpcc7942_1786",503.668091183797,1.67958077191832,0.615124872377481,2.73047123818401,0.00632438513951318,0.025402311998617
"Synpcc7942_1795",260.728545943659,1.05247757953665,0.40335404245199,2.60931456925196,0.00907238007390454,0.0326552304208334
"Synpcc7942_1797",171.551904954779,1.14678110653774,0.425797937695363,2.69325190428284,0.00707587851927335,0.0277112599279031
"Synpcc7942_1811",8999.32498382033,-1.41181084215953,0.350295813299786,-4.03033889803099,5.56964917694167e-05,0.00072969712782449
"Synpcc7942_1812",1065.2540863513,-1.85524014731858,0.516425530676358,-3.59246403811367,0.000327565870767351,0.00290238597121769
"Synpcc7942_1821",983.833394834509,-3.76393708618236,0.912459030812589,-4.12504776552038,3.70657823374797e-05,0.000558499669457957
"Synpcc7942_1822",197.459639136472,-2.92071115102184,0.525272408911984,-5.56037420102004,2.691968332439e-08,1.43589590852296e-06
"Synpcc7942_1831",2401.9455049774,2.58443708542204,0.884763716435024,2.92104777514555,0.00348856326809449,0.0167632430761137
"Synpcc7942_1832",575.929046583583,2.65923987603943,0.850879943168066,3.12528212398371,0.00177634604679471,0.0101882041006484
"Synpcc7942_1842",1281.06455793171,-1.12656400025009,0.259708974218529,-4.33779388502052,1.43920024628643e-05,0.000264713590127304
"Synpcc7942_1844",335.676398179707,1.27242039943001,0.478708389026809,2.65802820380228,0.00785993150350163,0.0297765426127428
"Synpcc7942_1845",66.9701609345364,-2.78492444735716,0.515468346043961,-5.40270701145954,6.56426322586629e-08,3.03096689971877e-06
"Synpcc7942_1851",4471.45372801347,-1.38258693617329,0.2474921702806,-5.58638656974782,2.31842856479523e-08,1.3441845613715e-06
"Synpcc7942_1852",1536.40022763637,-1.29812542662674,0.2351622480218,-5.52012679563431,3.38755134449809e-08,1.67307396958822e-06
"Synpcc7942_1853",1447.29852179375,-1.38684951701595,0.248967607801345,-5.57040142395768,2.54153080551789e-08,1.38331890986045e-06
"Synpcc7942_1854",6163.00313214948,-1.73843621445167,0.583725223717471,-2.97817559327038,0.00289969808973742,0.0145416278694901
"Synpcc7942_1855",3547.14473448583,-1.92520258200772,0.534815315938792,-3.59975214738998,0.000318520638656032,0.00286694262259894
"Synpcc7942_1856",698.966782167049,-2.09914590161506,0.767884877573039,-2.73367266750919,0.00626322745729636,0.0252708436136299
"Synpcc7942_1857",1632.50055616949,-1.86338066420698,0.511863183939894,-3.64038814017496,0.000272227356868195,0.0025607562366169
"Synpcc7942_1859",7524.64053395052,-1.39555309435385,0.350785470307209,-3.97836630214945,6.9390412101544e-05,0.000872944476768009
"Synpcc7942_1861",1705.27535483059,-1.29978901199463,0.442100397916597,-2.94003130990132,0.00328179082757063,0.0159137020675107
"Synpcc7942_1871",784.310047077919,-1.00629800884059,0.347497646225224,-2.8958412230176,0.00378143672985808,0.0176931434360202
"Synpcc7942_1872",2373.81159582347,-1.52111649509379,0.573162800031139,-2.65389954653573,0.00795675100252514,0.0299726764459527
"Synpcc7942_1873",1426.76136580617,-1.07284786800338,0.362208062026889,-2.96196573317501,0.00305681801778013,0.0151252943477173
"Synpcc7942_1874",465.409157127942,-1.46664462750572,0.24477451371983,-5.99181918581787,2.07506568755158e-09,1.67703036021214e-07
"Synpcc7942_1886",2357.08713333047,-1.22306777971788,0.397929202331836,-3.07358136208852,0.00211506004756785,0.0116283462385997
"Synpcc7942_1887",3261.76818274878,-1.64946154824992,0.569423299581676,-2.896722964202,0.00377082582242644,0.0176862084916089
"Synpcc7942_1888",2575.67640120516,-1.51779359438503,0.405526082112836,-3.74277675674313,0.000181997908974384,0.00186687855090262
"Synpcc7942_1895",1154.61376642611,1.22574735415975,0.396956983133623,3.08785940603327,0.00201603825285733,0.0112957437402741
"Synpcc7942_1897",697.862948723253,-1.43272820764559,0.505980196067202,-2.83158949457243,0.00463172699357705,0.0202837699373891
"Synpcc7942_1899",413.159942284796,-2.25153996845023,0.649520153405235,-3.46646667797157,0.000527347096139116,0.00413657266295007
"Synpcc7942_1901",6788.22214515165,-1.65210553908912,0.459139529502324,-3.5982646514446,0.000320347553070428,0.00286700310080145
"Synpcc7942_1902",3009.12809556886,-1.49088595037878,0.281787805631497,-5.29081074689391,1.21775326362632e-07,5.23830315176031e-06
"Synpcc7942_1905",10306.776295935,-1.10296655827942,0.197679153686029,-5.57957952425903,2.41100697501456e-08,1.34733317451616e-06
"Synpcc7942_1910",337.870216345634,-1.43212206063661,0.323747036812854,-4.42358353217751,9.70770726568159e-06,0.000196616825573938
"Synpcc7942_1913",195.165737339346,1.75306956778496,0.62260755362398,2.81568952638135,0.00486726786292469,0.0209709263173185
"Synpcc7942_1915",305.420281372121,1.45479258099083,0.503652991466758,2.88848196206306,0.00387106230539563,0.0179430550342549
"Synpcc7942_1916",624.715576185084,1.10910064509001,0.283491611188332,3.91228735284586,9.14260324827243e-05,0.00110833285741557
"Synpcc7942_1925",366.771200330443,1.4272840477121,0.413287247955278,3.45349162059447,0.000553379495202024,0.00427043017012935
"Synpcc7942_1932",478.006492340371,1.6502971486904,0.613422133265311,2.69031236272108,0.00713851665476106,0.0278339530968534
"Synpcc7942_1936",99.8546230820623,2.69198428281087,0.684271282000853,3.93408923276648,8.35127558393897e-05,0.00102853596939118
"Synpcc7942_1937",735.023855018241,1.77041428274613,0.559100826138981,3.16653848460965,0.00154264932198989,0.00927233283239413
"Synpcc7942_1942",358.815279496073,1.71927522325454,0.472236611185188,3.64070718477252,0.000271890215870299,0.0025607562366169
"Synpcc7942_1944",1321.78330289495,2.29709009232664,0.931319789720812,2.46648908106554,0.0136444888364299,0.0434246440653442
"Synpcc7942_1951",330.940486764273,-1.23026147673434,0.290295192303761,-4.23796710848387,2.25552802483242e-05,0.000380497428189207
"Synpcc7942_1956",1585.24526487867,1.72093656266819,0.663796078616926,2.59256813666917,0.00952623090701355,0.0336064256997423
"Synpcc7942_1960",240.183727562771,1.62399227316369,0.529302855980248,3.06817213399712,0.00215372519473114,0.0116985439803421
"Synpcc7942_1964",607.57557321754,1.16042884973593,0.415521890431485,2.79270208491523,0.00522698069375937,0.0220924841683934
"Synpcc7942_1972",636.593715178804,1.04250297706813,0.361790094497992,2.88151332201251,0.00395770503764905,0.0181203804218948
"Synpcc7942_1977",4093.1514448155,2.42635312905834,0.851713899507209,2.84878893072215,0.00438859846061178,0.019474862053996
"Synpcc7942_1978",458.895500274597,3.07317112635053,0.749613485459182,4.09967428009654,4.13732012653891e-05,0.000597838865793943
"Synpcc7942_1980",875.351171593255,1.03353225909173,0.235660057407225,4.38569128117357,1.15618004740375e-05,0.000223444361335204
"Synpcc7942_1981",235.712005519739,1.43491051690932,0.348084854810153,4.12230091910182,3.75106748432595e-05,0.000562027920263894
"Synpcc7942_1982",320.837550148205,2.25084470170801,0.731108663802191,3.07867327136066,0.00207924578187793,0.0115441908298711
"Synpcc7942_1983",3085.53321388906,1.26383910483175,0.369822156742803,3.41742397470983,0.00063216747369955,0.00470947109596843
"Synpcc7942_1988",2906.84599762358,-1.63618936945305,0.461035739882131,-3.54894258278406,0.00038678140806189,0.00331503306586962
"Synpcc7942_1989",2028.70155783449,-1.42880385920478,0.367538064328868,-3.88749900452844,0.000101282402950008,0.00117956405531735
"Synpcc7942_1990",1675.91930510751,-1.92181620393112,0.593499063885846,-3.23811160096584,0.00120323731522432,0.00778891728083314
"Synpcc7942_1992",783.693517591163,-1.28206923606853,0.37200494554559,-3.44637685982434,0.000568157433263635,0.00430476100714237
"Synpcc7942_1996",850.089395220887,1.25317895850182,0.495611111276778,2.52855299243276,0.0114533794864474,0.0379455442116212
"Synpcc7942_1999",752.103379801845,3.6997160835988,1.18726463279638,3.1161680230336,0.00183217845256666,0.010418805827282
"Synpcc7942_2004",596.106107755245,1.24186601539428,0.440455626098101,2.81950312769461,0.00480980622438376,0.0207905238256588
"Synpcc7942_2010",2858.50586112694,3.56574787122579,1.32500897412274,2.69111224215413,0.00712142306587805,0.0278079580039484
"Synpcc7942_2012",1279.49869102586,2.36024336326485,0.482182156907021,4.89492058023203,9.8345436903576e-07,3.04985209560276e-05
"Synpcc7942_2013",242.522631673479,-1.24728671941391,0.419344737620626,-2.9743707444406,0.00293590116038522,0.0146630119751824
"Synpcc7942_2022",1261.59199472612,1.07960334328269,0.449942911580393,2.39942293899166,0.0164209357741648,0.0494296114104938
"Synpcc7942_2026",1679.9992132432,1.43543534503478,0.373501119170868,3.84318887242237,0.000121445932586721,0.0013724419585118
"Synpcc7942_2029",1375.79647280254,2.09241856414952,0.580910304460559,3.60196496444071,0.000315820936146575,0.00285523537865395
"Synpcc7942_2030",9191.36765436475,4.75316951697842,1.37806137951774,3.44917112374329,0.00056231023022073,0.00430254552121736
"Synpcc7942_2033",228.899189964477,1.13498270878734,0.391331434455113,2.90031060338325,0.00372793051228596,0.01759715163941
"Synpcc7942_2043",1531.07890429803,3.23042142357184,1.11503806949444,2.89714002772706,0.00376581629691045,0.0176862084916089
"Synpcc7942_2054",630.210585329909,1.35056313909943,0.410529802886963,3.28980534324641,0.00100256713388815,0.00675213774262552
"Synpcc7942_2059",1320.73851617981,3.09390202154155,0.97979369226206,3.15770763373525,0.00159014949806633,0.00942428602520647
"Synpcc7942_2063",551.635059235729,1.11966329591782,0.269384298720271,4.15637919966703,3.23331006088079e-05,0.000507249290139356
"Synpcc7942_2091",3845.06371701551,2.88540506120542,0.701008504285581,4.11607711399453,3.85375415095235e-05,0.00056897153200788
"Synpcc7942_2092",2402.21441798176,1.57866973557396,0.612738339018288,2.5764174282015,0.00998300461477031,0.0348947225525458
"Synpcc7942_2094",1310.15997930282,2.27155035829087,0.623016824737407,3.64604978244094,0.000266302407620815,0.00256061295867875
"Synpcc7942_2096",5153.63437877188,-1.7401461583836,0.436615172479758,-3.98553753526346,6.73275325654712e-05,0.000855059663581484
"Synpcc7942_2098",762.118758077934,-1.32019080651936,0.416030751161769,-3.17330101881344,0.00150716172503884,0.00912048457527624
"Synpcc7942_2099",1230.41457360769,-1.41367220599047,0.561581537436963,-2.51730534526192,0.0118256293771469,0.0387456431804064
"Synpcc7942_2100",2372.43545650296,-1.06489366649689,0.356763245386478,-2.98487492831079,0.00283694294808286,0.0143288691249782
"Synpcc7942_2101",1420.87347252951,-1.38993213733083,0.430367225161245,-3.22964216619904,0.00123945241373729,0.00796534840346348
"Synpcc7942_2102",114.258869099667,-2.09676411119047,0.716006456610461,-2.92841508876393,0.0034069487492547,0.0164177967606422
"Synpcc7942_2103",302.845405456186,-1.41759779148493,0.448279294723424,-3.16230931959405,0.00156523206216113,0.0093598069726093
"Synpcc7942_2105",1670.08530745412,-1.22552548350267,0.321550841112264,-3.8112961523083,0.000138240028427326,0.00149902669166962
"Synpcc7942_2107",3666.44815236651,-1.11347114597267,0.315643997542049,-3.52761704528958,0.000419318328927164,0.00347304963741847
"Synpcc7942_2108",485.387429848343,-1.86005806057287,0.407210848662426,-4.56780084981193,4.92867970892976e-06,0.000115305164769436
"Synpcc7942_2116",751.992463374368,-1.04945692676149,0.298368924030671,-3.51731310548151,0.00043593922353671,0.00354466435723294
"Synpcc7942_2122",1326.24089841186,1.61977416859484,0.623208236669026,2.59908979581583,0.00934713187604397,0.0333076220147816
"Synpcc7942_2124",537.573711777162,-2.53063877501545,0.404123257462325,-6.26204685893726,3.79956717251196e-10,4.34397030908753e-08
"Synpcc7942_2125",348.320419539441,-1.06908402694084,0.413704513326122,-2.58417298459126,0.00976128225444394,0.0342837917977993
"Synpcc7942_2126",610.42746317924,-2.68158503769969,0.572569699089774,-4.68342114848667,2.82126013747471e-06,7.16600074918575e-05
"Synpcc7942_2132",893.128727554489,1.73968648107642,0.529350098684156,3.28645727166367,0.00101456164688202,0.00679858269405617
"Synpcc7942_2138",3311.58763264215,-1.10906316417791,0.237997722455305,-4.65997385494388,3.16249551170948e-06,7.88259395301792e-05
"Synpcc7942_2139",916.406302813569,-1.02571170006011,0.242798616905762,-4.22453683275396,2.3943269172198e-05,0.000396625458895976
"Synpcc7942_2140",637.028856809743,-1.91867513978441,0.681592319545591,-2.81498937820127,0.00487788461004617,0.0209827713790212
"Synpcc7942_2145",735.517143526933,-1.02600570540422,0.424021037979758,-2.41970471628628,0.0155331147361091,0.0476718262384384
"Synpcc7942_2146",462.735314614588,-1.21944344983328,0.241984190616054,-5.0393517309076,4.67111338948537e-07,1.661047921301e-05
"Synpcc7942_2147",326.087845975117,-1.14333426048095,0.28996051428411,-3.94306881164062,8.04455613055501e-05,0.00100256220561637
"Synpcc7942_2150",2397.4904316027,-1.60903013087268,0.355936755896289,-4.52055064338877,6.16789871496276e-06,0.00013823349472946
"Synpcc7942_2151",7143.85112738689,-1.4590453773741,0.355898578602917,-4.09961001558814,4.13846908227687e-05,0.000597838865793943
"Synpcc7942_2152",3219.64436470525,-1.13361897654726,0.27884259211346,-4.06544412012206,4.79410804053781e-05,0.000669418122728499
"Synpcc7942_2153",661.084148049423,-1.2801204944565,0.425052268386234,-3.01167783274429,0.00259808173364279,0.0135864391835791
"Synpcc7942_2154",126.705005790963,-1.99140213913042,0.689608798133183,-2.88772728033818,0.00388036152770475,0.0179430550342549
"Synpcc7942_2156",10139.6654449827,2.99788645303705,1.20715944226069,2.48342211317405,0.0130126787639317,0.0417405404548983
"Synpcc7942_2158",2127.26069488329,3.85390749873746,1.17584906291569,3.27755289372016,0.00104711110061416,0.00696420275645375
"Synpcc7942_2163",697.399351501283,1.078912615119,0.415611616644952,2.5959635676899,0.00943260662870015,0.0333644056747259
"Synpcc7942_2172",125.973522843509,1.83917189041551,0.638178142299037,2.88190987517982,0.00395272773578357,0.0181203804218948
"Synpcc7942_2175",4352.42055699625,4.19812045038868,0.828949278297275,5.06438760524882,4.09715275901989e-07,1.56101520118658e-05
"Synpcc7942_2180",2073.34293291785,4.07260131984879,1.03220264018706,3.94554437402984,7.96188849493543e-05,0.000996918150985577
"Synpcc7942_2187",142.488772120806,-1.39019429756911,0.36913578929115,-3.76607833187535,0.000165831783400395,0.00174123372570415
"Synpcc7942_2192",3552.23330421704,-1.22913929194794,0.502897757391375,-2.44411368689277,0.0145208499685559,0.0451204445652993
"Synpcc7942_2197",1607.86009723947,-1.36860527586263,0.395515385052742,-3.46030856847737,0.000539556716745662,0.00419234332695467
"Synpcc7942_2198",2505.02024547166,-1.6533574025496,0.412875148200601,-4.00449726692267,6.21495096268934e-05,0.000799006006509414
"Synpcc7942_2199",9665.79868397265,-1.44782733999734,0.442935200587728,-3.2687114008465,0.0010803843674504,0.00714983897764321
"Synpcc7942_2200",607.92703369385,-1.53100565043741,0.430843166192251,-3.55351035033997,0.000380126238716216,0.00328091555554143
"Synpcc7942_2206",3760.43759714917,3.15248851191786,1.15273047381216,2.73480105153494,0.00624179888444542,0.0252608158191441
"Synpcc7942_2207",7252.81173316722,2.94944956595344,1.14204091251708,2.58261287632226,0.00980552804362796,0.0343644458506646
"Synpcc7942_2209",5196.0349127915,3.24277495760258,1.15494223449569,2.80773779046928,0.00498908311016446,0.0212894154476938
"Synpcc7942_2210",1030.34382086426,3.80828840441774,1.19579824311795,3.18472487004825,0.00144891690427122,0.00886298482498014
"Synpcc7942_2211",710.26921655987,2.56541348961206,1.01236260637674,2.53408558697531,0.0112741191699865,0.0376239123558072
"Synpcc7942_2214",3103.73530158996,2.24904690979889,0.915817532617699,2.45578057822325,0.0140578963609006,0.0442127471633514
"Synpcc7942_2217",1399.77218214835,3.66618439742016,1.30741828282115,2.80414037771389,0.00504509340268129,0.0214831424868963
"Synpcc7942_2219",2241.94096927915,3.627762468756,1.28392316902906,2.82552924993123,0.00472025781422333,0.0205031393982632
"Synpcc7942_2220",4718.18490762717,3.29071665489508,1.23757445252773,2.65900499818321,0.007837180032563,0.0297745856792671
"Synpcc7942_2224",453.839772154157,3.31323754956314,1.27037902120489,2.60807010684157,0.0091054303553309,0.0327280091073686
"Synpcc7942_2234",783.680117015866,3.04993171352462,0.712067998911379,4.28320289380706,1.84222038986236e-05,0.000321124299330909
"Synpcc7942_2238",2303.79922370414,-1.22118825578789,0.474857348025771,-2.57169497505936,0.0101202012084363,0.0349618868172273
"Synpcc7942_2244",1982.33420205416,3.36509787561402,1.18806201155596,2.83242612160192,0.00461962399659031,0.0202640414455697
"Synpcc7942_2248",2032.84744027414,4.1530810802943,1.35173294184041,3.07241242093265,0.0021233613116603,0.0116283462385997
"Synpcc7942_2249",1420.54017766665,2.39380709775737,0.855198665570007,2.79912398619313,0.00512414577083534,0.0217267039281683
"Synpcc7942_2257",65.0004996074759,3.71674693905698,1.28738379983879,2.88705430309313,0.00388867109478789,0.0179430550342549
"Synpcc7942_2275",167.634571038792,-1.78656831357842,0.588899163689004,-3.03374231742313,0.00241540645182773,0.0128580618902686
"Synpcc7942_2276",259.02825060896,-1.40189849559143,0.545029662166576,-2.57215082573427,0.0101068850225165,0.0349618868172273
"Synpcc7942_2277",106.011335315529,-1.46148535734982,0.408407035382407,-3.57850191288056,0.000345569339758946,0.00303168891163523
"Synpcc7942_2278",4071.78683621941,-1.15478009451586,0.43785238629791,-2.63737307515816,0.00835508859783466,0.0309057160754855
"Synpcc7942_2280",814.9980742046,1.09882093691134,0.43145192374968,2.54679809365935,0.0108716314587839,0.0368419836093731
"Synpcc7942_2292",1550.39617353012,1.61643023188455,0.406219656439982,3.97920240012654,6.91468559042541e-05,0.000872944476768009
"Synpcc7942_2304",1681.19539059254,-1.2027957605261,0.265001717026534,-4.53882251791474,5.65692231427806e-06,0.000128948818907518
"Synpcc7942_2305",831.716534311133,-1.2560077862839,0.189621587907205,-6.62375945769716,3.50176436628484e-11,5.44384990564928e-09
"Synpcc7942_2309",7560.39471212596,4.43775510036147,1.053070736837,4.21410921899765,2.50765922676195e-05,0.000405328918652977
"Synpcc7942_2311",817.706401929635,1.98866151323834,0.527980535164129,3.76654323557618,0.000165523430201869,0.00174123372570415
"Synpcc7942_2314",704.621183940847,2.40860964517895,0.908739905747555,2.65049397516835,0.00803741608037047,0.0301064447841967
"Synpcc7942_2315",7992.2387567059,3.98852081754303,1.19533741461223,3.33673218020781,0.000847695911314226,0.00598096559649482
"Synpcc7942_2316",1052.53546481092,3.50712067038509,1.21318518121577,2.89083705001285,0.00384217282099598,0.0178520468877984
"Synpcc7942_2327",529.4108487128,2.01437954972046,0.375682494509162,5.36192018303195,8.23419247972376e-08,3.72213412600394e-06
"Synpcc7942_2330",926.629269275335,1.00358254024992,0.273828433604224,3.66500486103807,0.00024733388518203,0.00240744332766596
"Synpcc7942_2331",12074.566449118,3.98938167175557,1.27395854714357,3.13148467876009,0.00173924860821465,0.0100316719120213
"Synpcc7942_2332",3682.57042281125,3.79344208220615,1.20350869857305,3.15198559570352,0.001621642728012,0.00955024623047132
"Synpcc7942_2334",1906.1733304966,1.34306730462768,0.555953433244257,2.41579100751341,0.0157010704130097,0.0479734418108129
"Synpcc7942_2337",651.9532574396,1.40486362617976,0.256341026200082,5.48044785107174,4.24250554045011e-08,2.05722950479644e-06
"Synpcc7942_2342",2036.24925754915,3.94462357913543,1.14858018403022,3.43434758319987,0.000593982008026895,0.00447500004352466
"Synpcc7942_2344",743.453166704926,1.47096686598514,0.614026764730305,2.39560708177147,0.0165928667393902,0.0498346572003984
"Synpcc7942_2347",1050.77374665353,1.29263881078395,0.401035298506749,3.22325445066078,0.00126742912097424,0.00806738297288375
"Synpcc7942_2352",6384.70684807443,-3.54263010269995,1.24091293180229,-2.85485791300014,0.00430560868746578,0.0192024387449352
"Synpcc7942_2356",309.134832862071,1.63257421143202,0.571982419813406,2.85423844314062,0.00431401388407187,0.0192078047225704
"Synpcc7942_2358",909.449308615507,1.70506358644575,0.52314061118932,3.25928354629058,0.00111693975154132,0.00731911134486661
"Synpcc7942_2359",1773.8359152732,1.8399907550497,0.619667503372545,2.96931942539433,0.00298460169729752,0.0148229659714944
"Synpcc7942_2360",998.590694080326,1.53499816603526,0.487107527566524,3.15125116974429,0.00162572620496212,0.00955024623047132
"Synpcc7942_2362",1141.90357553244,1.33368342100524,0.334391200129655,3.98839269839673,6.65224797983497e-05,0.000848877768527267
"Synpcc7942_2370",36.1843091917848,-1.51690710127914,0.524196898758349,-2.89377351310584,0.00380642613807949,0.017752237905996
"Synpcc7942_2376",381.731790668204,1.51714159819469,0.567623199334537,2.67279702445802,0.00752217492708179,0.0290497153296803
"Synpcc7942_2378",1536.65288268255,2.85304200645841,0.676810617722442,4.21542146613964,2.49312141574266e-05,0.000405328918652977
"Synpcc7942_2384",2509.32410890326,-2.18722555823477,0.613540126758279,-3.56492666549989,0.000363957937964518,0.00317214320441624
"Synpcc7942_2385",709.241991569459,-1.88530122282861,0.57112579303552,-3.30102622892985,0.000963318765060168,0.00657077019543598
"Synpcc7942_2386",1204.67784055743,-1.73352116682906,0.634342893326661,-2.73278251410372,0.00628017861517615,0.0253009612789649
"Synpcc7942_2387",6386.93204404668,-1.38120127947397,0.469177255593516,-2.94387944642954,0.00324126226644694,0.0157964478384765
"Synpcc7942_2395",99.7575261920082,1.18011066032742,0.447188770553695,2.63895414651455,0.00831622283931577,0.0308046754339655
"Synpcc7942_2400",654.929922803541,1.13174010377524,0.371811121650102,3.04385758756372,0.00233565677952545,0.0125084269698682
"Synpcc7942_2401",2691.19180893491,-6.52784781840417,0.687183237262819,-9.49942819386256,2.11045962531606e-21,5.62859582071792e-18
"Synpcc7942_2403",88.7419077285218,1.93114953971224,0.785621703577219,2.45811633120498,0.0139667923772207,0.0441650668097453
"Synpcc7942_2412",1380.03736987167,-1.22527173839731,0.433154426312419,-2.82871803672524,0.0046734854102298,0.0203996490819687
"Synpcc7942_2422",507.843804158093,1.32333464639549,0.46091131721826,2.87112639017461,0.00409011953396056,0.018551613600464
"Synpcc7942_2439",4888.13994206453,2.78920858872983,0.986449257960935,2.82752363207747,0.00469095529404993,0.0204090991341455
"Synpcc7942_2442",1787.35262462125,1.13376346217367,0.259225553148895,4.37365625572589,1.22182717606913e-05,0.000232758077041169
"Synpcc7942_2443",1668.88551498596,1.11145515644957,0.326968124822087,3.39927678593851,0.000675643040748006,0.00495038458701904
"Synpcc7942_2449",6549.38004969123,3.48544293883855,0.990802578432288,3.51779760641464,0.000435144109494421,0.00354466435723294
"Synpcc7942_2455",399.855239727473,1.04124163393226,0.307846788132834,3.38233716923814,0.000718718718460486,0.00520875766884271
"Synpcc7942_2458",2754.64428985929,-1.49135179332724,0.609509756138432,-2.44680545029459,0.0144128613651413,0.0450106572140888
"Synpcc7942_2460",4503.06563735591,-1.25267173482435,0.24774435665082,-5.05630784797213,4.2745113296376e-07,1.58335023835326e-05
"Synpcc7942_2461",4427.21865470061,-1.66334575791099,0.501109110279032,-3.3193285130753,0.000902342075606636,0.00630268880505044
"Synpcc7942_2469",945.201560498177,1.62478736712837,0.584245248899387,2.78100227633716,0.00541913571752035,0.0227962696508309
"Synpcc7942_2470",760.28790076504,1.155591600889,0.40289030263953,2.86825369912891,0.00412744422907425,0.0186574470490526
"Synpcc7942_2471",646.572913800313,1.16885575732878,0.427382837693997,2.73491505563373,0.00623963756526644,0.0252608158191441
"Synpcc7942_2473",1677.50526062795,1.6815341446574,0.453597596428604,3.70710550033101,0.000209641624751671,0.00210193313237859
"Synpcc7942_2476",268.410179768319,-1.37928018512111,0.47618606082316,-2.8965152460297,0.00377332307151311,0.0176862084916089
"Synpcc7942_2477",1855.42061263472,-2.06135090058452,0.42076864129479,-4.899012659882,9.63194389016054e-07,3.02216404177155e-05
"Synpcc7942_2478",581.672781272245,-4.02150187980925,0.440146851748593,-9.13672758042648,6.43706704982066e-20,8.58382891093585e-17
"Synpcc7942_2480",1535.22570720141,-1.01486966264633,0.413085050033085,-2.45680559624477,0.0140178520555106,0.0441942838693271
"Synpcc7942_2484",1869.35647379824,-1.57908932032094,0.334842370547663,-4.71591847154292,2.40622780360501e-06,6.41740955221457e-05
"Synpcc7942_2485",2285.75756881807,-1.92557579046915,0.311291275854117,-6.18576857056395,6.18006189578023e-10,5.49407502534863e-08
"Synpcc7942_2486",9536.55205687095,-1.88686743935266,0.296733936573996,-6.3587854531837,2.03355200177725e-10,2.58261104225711e-08
"Synpcc7942_2487",322.595174168688,1.57995793667257,0.446490467342527,3.5386151603109,0.000402231789304865,0.00341450589784338
"Synpcc7942_2489",114.237625965907,-1.44695918167939,0.592013590774746,-2.44413169600685,0.0145201251118209,0.0451204445652993
"Synpcc7942_2501",2891.10551975955,1.9132430671634,0.661751157686922,2.89118204772158,0.00383795727822832,0.0178520468877984
"Synpcc7942_2519",6507.6522647905,-1.55094702822691,0.420488935665996,-3.68843718984051,0.000225635709476496,0.00223706482220749
"Synpcc7942_2520",2175.76177671454,-1.60308373830325,0.357572877173272,-4.48323639918145,7.35194054603911e-06,0.000158126011582954
"Synpcc7942_2522",825.215795833594,-1.32430819115076,0.505544622684078,-2.61956735712001,0.00880413839386432,0.0320336113184668
"Synpcc7942_2525",1745.8061613356,2.29611723341792,0.764593210560828,3.00305731427267,0.00267282089502791,0.0137788950779738
"Synpcc7942_2527",457.172828130705,-1.40756981153002,0.420686023146016,-3.34589155352438,0.000820184669299875,0.00583315336806071
"Synpcc7942_2529",867.020692097454,-2.57063275393494,0.800792641865737,-3.21011035758985,0.00132684020613594,0.00836568044861599
"Synpcc7942_2530",3181.17615064812,2.65714000988992,1.04129961663324,2.5517535658767,0.0107182300014691,0.0365076876295251
"Synpcc7942_2533",384.788940085113,-1.29022438607316,0.30986519434988,-4.1638248167244,3.12960271365962e-05,0.000493884641262143
"Synpcc7942_2534",2195.5114395749,-1.12262526149507,0.32771075105488,-3.42565893209609,0.000613309998268403,0.00459465664433098
"Synpcc7942_2535",7968.36405472402,-1.66298177215074,0.467915861030452,-3.55401881117793,0.000379392075843393,0.00328091555554143
"Synpcc7942_2538",1858.31409690551,1.71493547779971,0.649003987529363,2.64241131141297,0.00823180209787081,0.0305769027785814
"Synpcc7942_2540",653.320429913012,-3.64389623482018,0.547352433433628,-6.65731256909089,2.78879697874742e-11,4.95848102821292e-09
"Synpcc7942_2564",332.80393104523,2.29574889080215,0.763990874066084,3.00494281899441,0.00265630782059963,0.0137560639952218
"Synpcc7942_2565",1184.35125047459,2.49165870718376,0.902887581009864,2.75965553141941,0.00578623370162346,0.0241344233893278
"Synpcc7942_2566",1324.99016012211,1.64183526099149,0.638417353900363,2.57172717965892,0.0101192599438462,0.0349618868172273
"Synpcc7942_2574",1024.75181256947,-1.46275785296462,0.570777815371852,-2.56274475561328,0.0103848362616061,0.0357372365286496
"Synpcc7942_2575",1542.56364092092,-1.05530812405376,0.396501060648038,-2.66155183123338,0.00777813646568368,0.0296868880269537
"Synpcc7942_2583",1410.31932707445,2.6911403066295,0.635410664095476,4.23527721313965,2.28269923173128e-05,0.000380497428189207
"Synpcc7942_2589",994.613118148031,1.27091613082663,0.331550314206678,3.83325268102257,0.000126459936783811,0.00141709517395976
"Synpcc7942_2596",1567.46382690708,1.60962436053991,0.538398011892858,2.98965509712957,0.0027929261557121,0.0142423213332394
"Synpcc7942_2600",843.434219321691,-1.443253955973,0.39785458353062,-3.62759162698429,0.000286077266311165,0.00264002792128678
"Synpcc7942_2601",1868.63424001339,-1.34901801032615,0.367966058238832,-3.66614795066386,0.000246231502177506,0.00240744332766596
"Synpcc7942_2603",4519.31190721656,-1.23942569628169,0.340473023507589,-3.64030513640405,0.000272315132870919,0.0025607562366169
"Synpcc7942_2604",1786.73808170239,-1.12547180524066,0.339247130478238,-3.31755733247935,0.000908082768101532,0.00632338575072268
"Synpcc7942_2607",1025.02137797038,-1.37671735330974,0.558073404305245,-2.46691088069972,0.013628427182495,0.0434246440653442
"Synpcc7942_B2615",404.271836963351,-1.9846092694239,0.367386635526599,-5.40196370120877,6.59152906575509e-08,3.03096689971877e-06
"Synpcc7942_B2616",784.765906995305,-3.15936815920469,0.81117339492557,-3.89481235327569,9.82747787787861e-05,0.00114955629387291
"Synpcc7942_B2617",1379.33690085922,-3.36373782468949,0.833730141848855,-4.03456425028627,5.47037204547667e-05,0.000725844887825188
"Synpcc7942_B2618",859.62170975762,-3.22819699959175,0.56425074054111,-5.72121003597788,1.05768046125287e-08,6.71627092895575e-07
"Synpcc7942_B2619",1129.23325087003,-3.79728375317764,0.66870110082897,-5.67859653359364,1.35804384255218e-08,8.42303006531784e-07
"Synpcc7942_B2620",5234.84724386026,-3.04263085680899,0.720989748665796,-4.22007505992898,2.44220991551502e-05,0.000399593487403592
"Synpcc7942_B2621",873.351770115951,-3.76410289049322,0.891722969269064,-4.22115726544379,2.4305128776177e-05,0.000399593487403592
"Synpcc7942_B2622",3485.8576781985,-2.98188534145604,0.663494515608766,-4.49421249355786,6.98278746326472e-06,0.000154464766347073
"Synpcc7942_B2623",1028.77759530665,-2.53441221055133,0.790172807454821,-3.20741512064275,0.00133933577016456,0.00842454834676621
"Synpcc7942_B2624",1476.57961773127,-2.32132619443918,0.807198248028272,-2.87578200288397,0.0040302795242347,0.0183739410104854
"Synpcc7942_B2626",1840.23335856924,-3.17156822415986,0.720004977016219,-4.40492541774252,1.0582027912695e-05,0.000209053840319685
"Synpcc7942_B2627",1176.05028128956,-1.96065174904855,0.806139125616502,-2.43215058883183,0.0150094655264103,0.0463849879014325
"Synpcc7942_B2629",1652.39711251417,-2.0189240736973,0.75647641761241,-2.66885262605994,0.00761108378032122,0.0292449720703191
"Synpcc7942_B2630",787.582165122579,-2.58759276583318,0.819752477706604,-3.15655376007207,0.00159645455494094,0.00944067471846449
"Synpcc7942_B2632",789.411216223909,-2.62577014343534,0.607043228483199,-4.32550767429904,1.52180970186402e-05,0.000277990854443242
"Synpcc7942_B2633",4212.20714398135,-2.1395832786202,0.798360208589501,-2.67997234281039,0.00736282432961699,0.0285416460568147
"Synpcc7942_B2634",3544.31747560906,-2.93274126876891,0.473277800018447,-6.19665927422457,5.76741646930925e-10,5.30403438746475e-08
"Synpcc7942_B2635",3875.05308539192,-2.66268578645383,0.498179495424324,-5.34483215569901,9.05008753242259e-08,4.02276390816184e-06
"Synpcc7942_B2636",1189.49049468147,-3.20814904422809,0.785703051129896,-4.08315716683873,4.44279536426812e-05,0.000623628170342267
"Synpcc7942_B2637",1597.7007154482,-3.11303189032545,0.600847156846499,-5.18107118399954,2.20615273215148e-07,9.05201436407385e-06
"Synpcc7942_B2638",410.009322837241,-2.49556822644528,0.374237733196518,-6.66840354426479,2.58600918978152e-11,4.9263475065338e-09
"Synpcc7942_B2639",1406.46772284892,-2.56463744551481,0.712568635419674,-3.59914444452687,0.000319265826363662,0.00286694262259894
"Synpcc7942_B2640",1394.04857026095,-3.00794013918908,0.800202911177061,-3.75897175225786,0.000170613097032614,0.00177744191322649
"Synpcc7942_B2641",20.3761771964174,-2.89009783286482,0.598730260995332,-4.82704486668222,1.38573911054023e-06,3.97394215893633e-05
"Synpcc7942_B2642",3968.59108047155,-2.72404316896546,0.698282697496291,-3.90106067174882,9.57721420407641e-05,0.00114028706617285
"Synpcc7942_B2643",2151.52755709369,-2.48973426769923,0.616219686853695,-4.04033548556581,5.33747951326931e-05,0.000718942316257033
"Synpcc7942_B2644",1997.81532719707,-2.43942697511266,0.591032456314514,-4.12739934846241,3.66888931655814e-05,0.000558033194261659
"Synpcc7942_B2645",1697.76555464016,-1.3713803042824,0.340945321620139,-4.0222880835136,5.76355028902881e-05,0.000749823835162919
"Synpcc7942_B2646",1867.69242098221,-2.49168812768931,0.672568181436044,-3.70473685265506,0.000211610298735327,0.00210583830868327
"Synpcc7942_B2647",1129.22911751081,-2.51806589973511,0.548821315924646,-4.58813429192836,4.47224924073032e-06,0.000106495435044891
"Synpcc7942_B2648",378.309067083081,-3.01927606250744,0.638765414793228,-4.72673690933126,2.28156564701752e-06,6.20911793938339e-05
"Synpcc7942_B2649",1934.98479549096,-2.31413806015129,0.50270656106178,-4.60335758352455,4.15733519800367e-06,0.000100581803241234
"Synpcc7942_B2650",1889.64991989576,-2.82499385050593,0.578564007130888,-4.88276805277801,1.04606893372585e-06,3.20674235200786e-05
"Synpcc7942_B2651",2354.83330897316,-3.11508208496424,0.630521364789413,-4.94048617369951,7.79280188731598e-07,2.53456129676485e-05
"Synpcc7942_B2652",114.624939655543,-1.90455870694798,0.443470743165006,-4.29466596455797,1.74956559451808e-05,0.000309012678184088
"Synpcc7942_B2653",568.352230773306,-3.26580766259347,0.377785395969888,-8.64461066370543,5.39890677368316e-18,4.79962812180433e-15
"Synpcc7942_B2654",928.204257005913,-3.44607506233369,0.66847626538667,-5.15511954690024,2.53469170242849e-07,1.02424587429951e-05
"Synpcc7942_B2655",2344.34520853749,-1.91683456564757,0.474961972139121,-4.03576428869574,5.44248357796276e-05,0.000725755185121334
"Synpcc7942_B2656",1158.20594555589,-2.23002745563171,0.512224409496743,-4.35361418606095,1.33911294423435e-05,0.000251508043822043
"Synpcc7942_B2657",50.9985376185955,-3.36402876579292,0.805532072588291,-4.17615744955233,2.96474648234187e-05,0.000470653504071771
"Synpcc7942_B2658",123.413843063816,-3.81238792401442,0.874457975817901,-4.35971542308664,1.3023169335955e-05,0.000246331862546043
"Synpcc7942_B2659",819.0760500816,-2.70423025491248,0.68635616511058,-3.93998100749455,8.14880601857112e-05,0.00101083096053624
"Synpcc7942_B2660",1118.75178774692,-2.47185129367804,0.330106023097547,-7.48805268829525,6.99029669849764e-14,2.33039016186165e-11
"Synpcc7942_B2661",5587.35076025694,-2.80655617173603,0.789798585405364,-3.55350873450295,0.000380128573926623,0.00328091555554143
"Synpcc7942_B2662",2183.61320794743,-2.61616756743959,0.739882903344374,-3.53592109726303,0.000406356042588055,0.00341450589784338
"Synpcc7942_B2663",2525.28336451301,-2.94328686472377,0.850730688087946,-3.4597163425936,0.000540744696090142,0.00419234332695467
"Synpcc7942_B2664",3302.1564300481,-2.83736117515323,0.753337356107202,-3.76638852719984,0.000165625982533775,0.00174123372570415
